[   19810ms] [ERROR] Failed to load resource: the server responded with a status of 417 (EXPECTATION FAILED) @ https://dev.pwhr.in/api/method/chatnext_work_connect.chatnext_work_connect.doctype.recognition_type.recognition_type.refresh_recognition_entries:0
[   19812ms] [ERROR] Traceback (most recent call last):
  File "apps/frappe/frappe/app.py", line 120, in application
    response = frappe.api.handle(request)
               ^^^^^^^^^^^^^^^^^^^^^^^^^^
  File "apps/frappe/frappe/api/__init__.py", line 52, in handle
    data = endpoint(**arguments)
           ^^^^^^^^^^^^^^^^^^^^^
  File "apps/frappe/frappe/api/v1.py", line 40, in handle_rpc_call
    return frappe.handler.handle()
           ^^^^^^^^^^^^^^^^^^^^^^^
  File "apps/frappe/frappe/handler.py", line 53, in handle
    data = execute_cmd(cmd)
           ^^^^^^^^^^^^^^^^
  File "apps/frappe/frappe/handler.py", line 86, in execute_cmd
    return frappe.call(method, **frappe.form_dict)
           ^^^^^^^^^^^^^^^^^^^^^^^^^^^^^^^^^^^^^^^
  File "apps/frappe/frappe/__init__.py", line 1758, in call
    return fn(*args, **newargs)
           ^^^^^^^^^^^^^^^^^^^^
  File "apps/frappe/frappe/utils/typing_validations.py", line 32, in wrapper
    return func(*args, **kwargs)
           ^^^^^^^^^^^^^^^^^^^^^
  File "apps/chatnext_work_connect/chatnext_work_connect/chatnext_work_connect/doctype/recognition_type/recognition_type.py", line 85, in refresh_recognition_entries
    doc._refresh_recognition_entries()
  File "apps/chatnext_work_connect/chatnext_work_connect/chatnext_work_connect/doctype/recognition_type/recognition_type.py", line 70, in _refresh_recognition_entries
    self.save(ignore_permissions=True)
  File "apps/frappe/frappe/model/document.py", line 378, in save
    return self._save(*args, **kwargs)
           ^^^^^^^^^^^^^^^^^^^^^^^^^^^
  File "apps/frappe/frappe/model/document.py", line 408, in _save
    self.check_if_latest()
  File "apps/frappe/frappe/model/document.py", line 867, in check_if_latest
    frappe.msgprint(
  File "apps/frappe/frappe/__init__.py", line 578, in msgprint
    _raise_exception()
  File "apps/frappe/frappe/__init__.py", line 529, in _raise_exception
    raise exc
frappe.exceptions.TimestampMismatchError: Error: Document has been modified after you have opened it (2026-03-06 13:28:20.856310, 2026-03-06 13:28:20.857789). Please refresh to get the latest document.
 @ https://dev.pwhr.in/assets/cn_todo_manager/todoapp/ui-vendor-E5SJIlaq.js:0
[   22984ms] [ERROR] Failed to load resource: the server responded with a status of 417 (EXPECTATION FAILED) @ https://dev.pwhr.in/api/method/chatnext_work_connect.chatnext_work_connect.doctype.recognition_type.recognition_type.refresh_recognition_entries:0
[   22986ms] [ERROR] Traceback (most recent call last):
  File "apps/frappe/frappe/app.py", line 120, in application
    response = frappe.api.handle(request)
               ^^^^^^^^^^^^^^^^^^^^^^^^^^
  File "apps/frappe/frappe/api/__init__.py", line 52, in handle
    data = endpoint(**arguments)
           ^^^^^^^^^^^^^^^^^^^^^
  File "apps/frappe/frappe/api/v1.py", line 40, in handle_rpc_call
    return frappe.handler.handle()
           ^^^^^^^^^^^^^^^^^^^^^^^
  File "apps/frappe/frappe/handler.py", line 53, in handle
    data = execute_cmd(cmd)
           ^^^^^^^^^^^^^^^^
  File "apps/frappe/frappe/handler.py", line 86, in execute_cmd
    return frappe.call(method, **frappe.form_dict)
           ^^^^^^^^^^^^^^^^^^^^^^^^^^^^^^^^^^^^^^^
  File "apps/frappe/frappe/__init__.py", line 1758, in call
    return fn(*args, **newargs)
           ^^^^^^^^^^^^^^^^^^^^
  File "apps/frappe/frappe/utils/typing_validations.py", line 32, in wrapper
    return func(*args, **kwargs)
           ^^^^^^^^^^^^^^^^^^^^^
  File "apps/chatnext_work_connect/chatnext_work_connect/chatnext_work_connect/doctype/recognition_type/recognition_type.py", line 85, in refresh_recognition_entries
    doc._refresh_recognition_entries()
  File "apps/chatnext_work_connect/chatnext_work_connect/chatnext_work_connect/doctype/recognition_type/recognition_type.py", line 70, in _refresh_recognition_entries
    self.save(ignore_permissions=True)
  File "apps/frappe/frappe/model/document.py", line 378, in save
    return self._save(*args, **kwargs)
           ^^^^^^^^^^^^^^^^^^^^^^^^^^^
  File "apps/frappe/frappe/model/document.py", line 408, in _save
    self.check_if_latest()
  File "apps/frappe/frappe/model/document.py", line 867, in check_if_latest
    frappe.msgprint(
  File "apps/frappe/frappe/__init__.py", line 578, in msgprint
    _raise_exception()
  File "apps/frappe/frappe/__init__.py", line 529, in _raise_exception
    raise exc
frappe.exceptions.TimestampMismatchError: Error: Document has been modified after you have opened it (2026-03-06 13:28:24.129190, 2026-03-06 13:28:24.130794). Please refresh to get the latest document.
 @ https://dev.pwhr.in/assets/cn_todo_manager/todoapp/ui-vendor-E5SJIlaq.js:0
[   23144ms] [WARNING] Blocked aria-hidden on an element because its descendant retained focus. The focus must not be hidden from assistive technology users. Avoid using aria-hidden on a focused element or its ancestor. Consider using the inert attribute instead, which will also prevent focus. For more details, see the aria-hidden section of the WAI-ARIA specification at https://w3c.github.io/aria/#aria-hidden.
Element with focus: <div.modal fade>
Ancestor with aria-hidden: <div.modal fade> @ https://dev.pwhr.in/app/recognition-type/RISING-STAR-BADGE:0
[   27141ms] [ERROR] Failed to load resource: the server responded with a status of 417 (EXPECTATION FAILED) @ https://dev.pwhr.in/api/method/chatnext_work_connect.chatnext_work_connect.doctype.recognition_type.recognition_type.refresh_recognition_entries:0
[   27143ms] [ERROR] Traceback (most recent call last):
  File "apps/frappe/frappe/app.py", line 120, in application
    response = frappe.api.handle(request)
               ^^^^^^^^^^^^^^^^^^^^^^^^^^
  File "apps/frappe/frappe/api/__init__.py", line 52, in handle
    data = endpoint(**arguments)
           ^^^^^^^^^^^^^^^^^^^^^
  File "apps/frappe/frappe/api/v1.py", line 40, in handle_rpc_call
    return frappe.handler.handle()
           ^^^^^^^^^^^^^^^^^^^^^^^
  File "apps/frappe/frappe/handler.py", line 53, in handle
    data = execute_cmd(cmd)
           ^^^^^^^^^^^^^^^^
  File "apps/frappe/frappe/handler.py", line 86, in execute_cmd
    return frappe.call(method, **frappe.form_dict)
           ^^^^^^^^^^^^^^^^^^^^^^^^^^^^^^^^^^^^^^^
  File "apps/frappe/frappe/__init__.py", line 1758, in call
    return fn(*args, **newargs)
           ^^^^^^^^^^^^^^^^^^^^
  File "apps/frappe/frappe/utils/typing_validations.py", line 32, in wrapper
    return func(*args, **kwargs)
           ^^^^^^^^^^^^^^^^^^^^^
  File "apps/chatnext_work_connect/chatnext_work_connect/chatnext_work_connect/doctype/recognition_type/recognition_type.py", line 85, in refresh_recognition_entries
    doc._refresh_recognition_entries()
  File "apps/chatnext_work_connect/chatnext_work_connect/chatnext_work_connect/doctype/recognition_type/recognition_type.py", line 70, in _refresh_recognition_entries
    self.save(ignore_permissions=True)
  File "apps/frappe/frappe/model/document.py", line 378, in save
    return self._save(*args, **kwargs)
           ^^^^^^^^^^^^^^^^^^^^^^^^^^^
  File "apps/frappe/frappe/model/document.py", line 408, in _save
    self.check_if_latest()
  File "apps/frappe/frappe/model/document.py", line 867, in check_if_latest
    frappe.msgprint(
  File "apps/frappe/frappe/__init__.py", line 578, in msgprint
    _raise_exception()
  File "apps/frappe/frappe/__init__.py", line 529, in _raise_exception
    raise exc
frappe.exceptions.TimestampMismatchError: Error: Document has been modified after you have opened it (2026-03-06 13:28:28.328627, 2026-03-06 13:28:28.328659). Please refresh to get the latest document.
 @ https://dev.pwhr.in/assets/cn_todo_manager/todoapp/ui-vendor-E5SJIlaq.js:0
[   29281ms] [ERROR] Failed to load resource: the server responded with a status of 417 (EXPECTATION FAILED) @ https://dev.pwhr.in/api/method/chatnext_work_connect.chatnext_work_connect.doctype.recognition_type.recognition_type.refresh_recognition_entries:0
[   29283ms] [ERROR] Traceback (most recent call last):
  File "apps/frappe/frappe/app.py", line 120, in application
    response = frappe.api.handle(request)
               ^^^^^^^^^^^^^^^^^^^^^^^^^^
  File "apps/frappe/frappe/api/__init__.py", line 52, in handle
    data = endpoint(**arguments)
           ^^^^^^^^^^^^^^^^^^^^^
  File "apps/frappe/frappe/api/v1.py", line 40, in handle_rpc_call
    return frappe.handler.handle()
           ^^^^^^^^^^^^^^^^^^^^^^^
  File "apps/frappe/frappe/handler.py", line 53, in handle
    data = execute_cmd(cmd)
           ^^^^^^^^^^^^^^^^
  File "apps/frappe/frappe/handler.py", line 86, in execute_cmd
    return frappe.call(method, **frappe.form_dict)
           ^^^^^^^^^^^^^^^^^^^^^^^^^^^^^^^^^^^^^^^
  File "apps/frappe/frappe/__init__.py", line 1758, in call
    return fn(*args, **newargs)
           ^^^^^^^^^^^^^^^^^^^^
  File "apps/frappe/frappe/utils/typing_validations.py", line 32, in wrapper
    return func(*args, **kwargs)
           ^^^^^^^^^^^^^^^^^^^^^
  File "apps/chatnext_work_connect/chatnext_work_connect/chatnext_work_connect/doctype/recognition_type/recognition_type.py", line 85, in refresh_recognition_entries
    doc._refresh_recognition_entries()
  File "apps/chatnext_work_connect/chatnext_work_connect/chatnext_work_connect/doctype/recognition_type/recognition_type.py", line 70, in _refresh_recognition_entries
    self.save(ignore_permissions=True)
  File "apps/frappe/frappe/model/document.py", line 378, in save
    return self._save(*args, **kwargs)
           ^^^^^^^^^^^^^^^^^^^^^^^^^^^
  File "apps/frappe/frappe/model/document.py", line 408, in _save
    self.check_if_latest()
  File "apps/frappe/frappe/model/document.py", line 867, in check_if_latest
    frappe.msgprint(
  File "apps/frappe/frappe/__init__.py", line 578, in msgprint
    _raise_exception()
  File "apps/frappe/frappe/__init__.py", line 529, in _raise_exception
    raise exc
frappe.exceptions.TimestampMismatchError: Error: Document has been modified after you have opened it (2026-03-06 13:28:30.475556, 2026-03-06 13:28:30.483643). Please refresh to get the latest document.
 @ https://dev.pwhr.in/assets/cn_todo_manager/todoapp/ui-vendor-E5SJIlaq.js:0
[   31441ms] [ERROR] Failed to load resource: the server responded with a status of 417 (EXPECTATION FAILED) @ https://dev.pwhr.in/api/method/chatnext_work_connect.chatnext_work_connect.doctype.recognition_type.recognition_type.refresh_recognition_entries:0
[   31442ms] [ERROR] Traceback (most recent call last):
  File "apps/frappe/frappe/app.py", line 120, in application
    response = frappe.api.handle(request)
               ^^^^^^^^^^^^^^^^^^^^^^^^^^
  File "apps/frappe/frappe/api/__init__.py", line 52, in handle
    data = endpoint(**arguments)
           ^^^^^^^^^^^^^^^^^^^^^
  File "apps/frappe/frappe/api/v1.py", line 40, in handle_rpc_call
    return frappe.handler.handle()
           ^^^^^^^^^^^^^^^^^^^^^^^
  File "apps/frappe/frappe/handler.py", line 53, in handle
    data = execute_cmd(cmd)
           ^^^^^^^^^^^^^^^^
  File "apps/frappe/frappe/handler.py", line 86, in execute_cmd
    return frappe.call(method, **frappe.form_dict)
           ^^^^^^^^^^^^^^^^^^^^^^^^^^^^^^^^^^^^^^^
  File "apps/frappe/frappe/__init__.py", line 1758, in call
    return fn(*args, **newargs)
           ^^^^^^^^^^^^^^^^^^^^
  File "apps/frappe/frappe/utils/typing_validations.py", line 32, in wrapper
    return func(*args, **kwargs)
           ^^^^^^^^^^^^^^^^^^^^^
  File "apps/chatnext_work_connect/chatnext_work_connect/chatnext_work_connect/doctype/recognition_type/recognition_type.py", line 85, in refresh_recognition_entries
    doc._refresh_recognition_entries()
  File "apps/chatnext_work_connect/chatnext_work_connect/chatnext_work_connect/doctype/recognition_type/recognition_type.py", line 70, in _refresh_recognition_entries
    self.save(ignore_permissions=True)
  File "apps/frappe/frappe/model/document.py", line 378, in save
    return self._save(*args, **kwargs)
           ^^^^^^^^^^^^^^^^^^^^^^^^^^^
  File "apps/frappe/frappe/model/document.py", line 408, in _save
    self.check_if_latest()
  File "apps/frappe/frappe/model/document.py", line 867, in check_if_latest
    frappe.msgprint(
  File "apps/frappe/frappe/__init__.py", line 578, in msgprint
    _raise_exception()
  File "apps/frappe/frappe/__init__.py", line 529, in _raise_exception
    raise exc
frappe.exceptions.TimestampMismatchError: Error: Document has been modified after you have opened it (2026-03-06 13:28:32.627850, 2026-03-06 13:28:32.628045). Please refresh to get the latest document.
 @ https://dev.pwhr.in/assets/cn_todo_manager/todoapp/ui-vendor-E5SJIlaq.js:0
[   33613ms] [ERROR] Failed to load resource: the server responded with a status of 417 (EXPECTATION FAILED) @ https://dev.pwhr.in/api/method/chatnext_work_connect.chatnext_work_connect.doctype.recognition_type.recognition_type.refresh_recognition_entries:0
[   33615ms] [ERROR] Traceback (most recent call last):
  File "apps/frappe/frappe/app.py", line 120, in application
    response = frappe.api.handle(request)
               ^^^^^^^^^^^^^^^^^^^^^^^^^^
  File "apps/frappe/frappe/api/__init__.py", line 52, in handle
    data = endpoint(**arguments)
           ^^^^^^^^^^^^^^^^^^^^^
  File "apps/frappe/frappe/api/v1.py", line 40, in handle_rpc_call
    return frappe.handler.handle()
           ^^^^^^^^^^^^^^^^^^^^^^^
  File "apps/frappe/frappe/handler.py", line 53, in handle
    data = execute_cmd(cmd)
           ^^^^^^^^^^^^^^^^
  File "apps/frappe/frappe/handler.py", line 86, in execute_cmd
    return frappe.call(method, **frappe.form_dict)
           ^^^^^^^^^^^^^^^^^^^^^^^^^^^^^^^^^^^^^^^
  File "apps/frappe/frappe/__init__.py", line 1758, in call
    return fn(*args, **newargs)
           ^^^^^^^^^^^^^^^^^^^^
  File "apps/frappe/frappe/utils/typing_validations.py", line 32, in wrapper
    return func(*args, **kwargs)
           ^^^^^^^^^^^^^^^^^^^^^
  File "apps/chatnext_work_connect/chatnext_work_connect/chatnext_work_connect/doctype/recognition_type/recognition_type.py", line 85, in refresh_recognition_entries
    doc._refresh_recognition_entries()
  File "apps/chatnext_work_connect/chatnext_work_connect/chatnext_work_connect/doctype/recognition_type/recognition_type.py", line 70, in _refresh_recognition_entries
    self.save(ignore_permissions=True)
  File "apps/frappe/frappe/model/document.py", line 378, in save
    return self._save(*args, **kwargs)
           ^^^^^^^^^^^^^^^^^^^^^^^^^^^
  File "apps/frappe/frappe/model/document.py", line 408, in _save
    self.check_if_latest()
  File "apps/frappe/frappe/model/document.py", line 867, in check_if_latest
    frappe.msgprint(
  File "apps/frappe/frappe/__init__.py", line 578, in msgprint
    _raise_exception()
  File "apps/frappe/frappe/__init__.py", line 529, in _raise_exception
    raise exc
frappe.exceptions.TimestampMismatchError: Error: Document has been modified after you have opened it (2026-03-06 13:28:34.810077, 2026-03-06 13:28:34.815226). Please refresh to get the latest document.
 @ https://dev.pwhr.in/assets/cn_todo_manager/todoapp/ui-vendor-E5SJIlaq.js:0
[   35703ms] [ERROR] Failed to load resource: the server responded with a status of 417 (EXPECTATION FAILED) @ https://dev.pwhr.in/api/method/chatnext_work_connect.chatnext_work_connect.doctype.recognition_type.recognition_type.refresh_recognition_entries:0
[   35704ms] [ERROR] Traceback (most recent call last):
  File "apps/frappe/frappe/app.py", line 120, in application
    response = frappe.api.handle(request)
               ^^^^^^^^^^^^^^^^^^^^^^^^^^
  File "apps/frappe/frappe/api/__init__.py", line 52, in handle
    data = endpoint(**arguments)
           ^^^^^^^^^^^^^^^^^^^^^
  File "apps/frappe/frappe/api/v1.py", line 40, in handle_rpc_call
    return frappe.handler.handle()
           ^^^^^^^^^^^^^^^^^^^^^^^
  File "apps/frappe/frappe/handler.py", line 53, in handle
    data = execute_cmd(cmd)
           ^^^^^^^^^^^^^^^^
  File "apps/frappe/frappe/handler.py", line 86, in execute_cmd
    return frappe.call(method, **frappe.form_dict)
           ^^^^^^^^^^^^^^^^^^^^^^^^^^^^^^^^^^^^^^^
  File "apps/frappe/frappe/__init__.py", line 1758, in call
    return fn(*args, **newargs)
           ^^^^^^^^^^^^^^^^^^^^
  File "apps/frappe/frappe/utils/typing_validations.py", line 32, in wrapper
    return func(*args, **kwargs)
           ^^^^^^^^^^^^^^^^^^^^^
  File "apps/chatnext_work_connect/chatnext_work_connect/chatnext_work_connect/doctype/recognition_type/recognition_type.py", line 85, in refresh_recognition_entries
    doc._refresh_recognition_entries()
  File "apps/chatnext_work_connect/chatnext_work_connect/chatnext_work_connect/doctype/recognition_type/recognition_type.py", line 70, in _refresh_recognition_entries
    self.save(ignore_permissions=True)
  File "apps/frappe/frappe/model/document.py", line 378, in save
    return self._save(*args, **kwargs)
           ^^^^^^^^^^^^^^^^^^^^^^^^^^^
  File "apps/frappe/frappe/model/document.py", line 408, in _save
    self.check_if_latest()
  File "apps/frappe/frappe/model/document.py", line 867, in check_if_latest
    frappe.msgprint(
  File "apps/frappe/frappe/__init__.py", line 578, in msgprint
    _raise_exception()
  File "apps/frappe/frappe/__init__.py", line 529, in _raise_exception
    raise exc
frappe.exceptions.TimestampMismatchError: Error: Document has been modified after you have opened it (2026-03-06 13:28:36.887648, 2026-03-06 13:28:36.889121). Please refresh to get the latest document.
 @ https://dev.pwhr.in/assets/cn_todo_manager/todoapp/ui-vendor-E5SJIlaq.js:0
[   37830ms] [ERROR] Failed to load resource: the server responded with a status of 417 (EXPECTATION FAILED) @ https://dev.pwhr.in/api/method/chatnext_work_connect.chatnext_work_connect.doctype.recognition_type.recognition_type.refresh_recognition_entries:0
[   37832ms] [ERROR] Traceback (most recent call last):
  File "apps/frappe/frappe/app.py", line 120, in application
    response = frappe.api.handle(request)
               ^^^^^^^^^^^^^^^^^^^^^^^^^^
  File "apps/frappe/frappe/api/__init__.py", line 52, in handle
    data = endpoint(**arguments)
           ^^^^^^^^^^^^^^^^^^^^^
  File "apps/frappe/frappe/api/v1.py", line 40, in handle_rpc_call
    return frappe.handler.handle()
           ^^^^^^^^^^^^^^^^^^^^^^^
  File "apps/frappe/frappe/handler.py", line 53, in handle
    data = execute_cmd(cmd)
           ^^^^^^^^^^^^^^^^
  File "apps/frappe/frappe/handler.py", line 86, in execute_cmd
    return frappe.call(method, **frappe.form_dict)
           ^^^^^^^^^^^^^^^^^^^^^^^^^^^^^^^^^^^^^^^
  File "apps/frappe/frappe/__init__.py", line 1758, in call
    return fn(*args, **newargs)
           ^^^^^^^^^^^^^^^^^^^^
  File "apps/frappe/frappe/utils/typing_validations.py", line 32, in wrapper
    return func(*args, **kwargs)
           ^^^^^^^^^^^^^^^^^^^^^
  File "apps/chatnext_work_connect/chatnext_work_connect/chatnext_work_connect/doctype/recognition_type/recognition_type.py", line 85, in refresh_recognition_entries
    doc._refresh_recognition_entries()
  File "apps/chatnext_work_connect/chatnext_work_connect/chatnext_work_connect/doctype/recognition_type/recognition_type.py", line 70, in _refresh_recognition_entries
    self.save(ignore_permissions=True)
  File "apps/frappe/frappe/model/document.py", line 378, in save
    return self._save(*args, **kwargs)
           ^^^^^^^^^^^^^^^^^^^^^^^^^^^
  File "apps/frappe/frappe/model/document.py", line 408, in _save
    self.check_if_latest()
  File "apps/frappe/frappe/model/document.py", line 867, in check_if_latest
    frappe.msgprint(
  File "apps/frappe/frappe/__init__.py", line 578, in msgprint
    _raise_exception()
  File "apps/frappe/frappe/__init__.py", line 529, in _raise_exception
    raise exc
frappe.exceptions.TimestampMismatchError: Error: Document has been modified after you have opened it (2026-03-06 13:28:39.023903, 2026-03-06 13:28:39.030362). Please refresh to get the latest document.
 @ https://dev.pwhr.in/assets/cn_todo_manager/todoapp/ui-vendor-E5SJIlaq.js:0
[   39955ms] [ERROR] Failed to load resource: the server responded with a status of 417 (EXPECTATION FAILED) @ https://dev.pwhr.in/api/method/chatnext_work_connect.chatnext_work_connect.doctype.recognition_type.recognition_type.refresh_recognition_entries:0
[   39956ms] [ERROR] Traceback (most recent call last):
  File "apps/frappe/frappe/app.py", line 120, in application
    response = frappe.api.handle(request)
               ^^^^^^^^^^^^^^^^^^^^^^^^^^
  File "apps/frappe/frappe/api/__init__.py", line 52, in handle
    data = endpoint(**arguments)
           ^^^^^^^^^^^^^^^^^^^^^
  File "apps/frappe/frappe/api/v1.py", line 40, in handle_rpc_call
    return frappe.handler.handle()
           ^^^^^^^^^^^^^^^^^^^^^^^
  File "apps/frappe/frappe/handler.py", line 53, in handle
    data = execute_cmd(cmd)
           ^^^^^^^^^^^^^^^^
  File "apps/frappe/frappe/handler.py", line 86, in execute_cmd
    return frappe.call(method, **frappe.form_dict)
           ^^^^^^^^^^^^^^^^^^^^^^^^^^^^^^^^^^^^^^^
  File "apps/frappe/frappe/__init__.py", line 1758, in call
    return fn(*args, **newargs)
           ^^^^^^^^^^^^^^^^^^^^
  File "apps/frappe/frappe/utils/typing_validations.py", line 32, in wrapper
    return func(*args, **kwargs)
           ^^^^^^^^^^^^^^^^^^^^^
  File "apps/chatnext_work_connect/chatnext_work_connect/chatnext_work_connect/doctype/recognition_type/recognition_type.py", line 85, in refresh_recognition_entries
    doc._refresh_recognition_entries()
  File "apps/chatnext_work_connect/chatnext_work_connect/chatnext_work_connect/doctype/recognition_type/recognition_type.py", line 70, in _refresh_recognition_entries
    self.save(ignore_permissions=True)
  File "apps/frappe/frappe/model/document.py", line 378, in save
    return self._save(*args, **kwargs)
           ^^^^^^^^^^^^^^^^^^^^^^^^^^^
  File "apps/frappe/frappe/model/document.py", line 408, in _save
    self.check_if_latest()
  File "apps/frappe/frappe/model/document.py", line 867, in check_if_latest
    frappe.msgprint(
  File "apps/frappe/frappe/__init__.py", line 578, in msgprint
    _raise_exception()
  File "apps/frappe/frappe/__init__.py", line 529, in _raise_exception
    raise exc
frappe.exceptions.TimestampMismatchError: Error: Document has been modified after you have opened it (2026-03-06 13:28:41.149070, 2026-03-06 13:28:41.150815). Please refresh to get the latest document.
 @ https://dev.pwhr.in/assets/cn_todo_manager/todoapp/ui-vendor-E5SJIlaq.js:0
[   42235ms] [ERROR] Failed to load resource: the server responded with a status of 417 (EXPECTATION FAILED) @ https://dev.pwhr.in/api/method/chatnext_work_connect.chatnext_work_connect.doctype.recognition_type.recognition_type.refresh_recognition_entries:0
[   42236ms] [ERROR] Traceback (most recent call last):
  File "apps/frappe/frappe/app.py", line 120, in application
    response = frappe.api.handle(request)
               ^^^^^^^^^^^^^^^^^^^^^^^^^^
  File "apps/frappe/frappe/api/__init__.py", line 52, in handle
    data = endpoint(**arguments)
           ^^^^^^^^^^^^^^^^^^^^^
  File "apps/frappe/frappe/api/v1.py", line 40, in handle_rpc_call
    return frappe.handler.handle()
           ^^^^^^^^^^^^^^^^^^^^^^^
  File "apps/frappe/frappe/handler.py", line 53, in handle
    data = execute_cmd(cmd)
           ^^^^^^^^^^^^^^^^
  File "apps/frappe/frappe/handler.py", line 86, in execute_cmd
    return frappe.call(method, **frappe.form_dict)
           ^^^^^^^^^^^^^^^^^^^^^^^^^^^^^^^^^^^^^^^
  File "apps/frappe/frappe/__init__.py", line 1758, in call
    return fn(*args, **newargs)
           ^^^^^^^^^^^^^^^^^^^^
  File "apps/frappe/frappe/utils/typing_validations.py", line 32, in wrapper
    return func(*args, **kwargs)
           ^^^^^^^^^^^^^^^^^^^^^
  File "apps/chatnext_work_connect/chatnext_work_connect/chatnext_work_connect/doctype/recognition_type/recognition_type.py", line 85, in refresh_recognition_entries
    doc._refresh_recognition_entries()
  File "apps/chatnext_work_connect/chatnext_work_connect/chatnext_work_connect/doctype/recognition_type/recognition_type.py", line 70, in _refresh_recognition_entries
    self.save(ignore_permissions=True)
  File "apps/frappe/frappe/model/document.py", line 378, in save
    return self._save(*args, **kwargs)
           ^^^^^^^^^^^^^^^^^^^^^^^^^^^
  File "apps/frappe/frappe/model/document.py", line 408, in _save
    self.check_if_latest()
  File "apps/frappe/frappe/model/document.py", line 867, in check_if_latest
    frappe.msgprint(
  File "apps/frappe/frappe/__init__.py", line 578, in msgprint
    _raise_exception()
  File "apps/frappe/frappe/__init__.py", line 529, in _raise_exception
    raise exc
frappe.exceptions.TimestampMismatchError: Error: Document has been modified after you have opened it (2026-03-06 13:28:43.356536, 2026-03-06 13:28:43.357506). Please refresh to get the latest document.
 @ https://dev.pwhr.in/assets/cn_todo_manager/todoapp/ui-vendor-E5SJIlaq.js:0
[   44306ms] [ERROR] Failed to load resource: the server responded with a status of 417 (EXPECTATION FAILED) @ https://dev.pwhr.in/api/method/chatnext_work_connect.chatnext_work_connect.doctype.recognition_type.recognition_type.refresh_recognition_entries:0
[   44308ms] [ERROR] Traceback (most recent call last):
  File "apps/frappe/frappe/app.py", line 120, in application
    response = frappe.api.handle(request)
               ^^^^^^^^^^^^^^^^^^^^^^^^^^
  File "apps/frappe/frappe/api/__init__.py", line 52, in handle
    data = endpoint(**arguments)
           ^^^^^^^^^^^^^^^^^^^^^
  File "apps/frappe/frappe/api/v1.py", line 40, in handle_rpc_call
    return frappe.handler.handle()
           ^^^^^^^^^^^^^^^^^^^^^^^
  File "apps/frappe/frappe/handler.py", line 53, in handle
    data = execute_cmd(cmd)
           ^^^^^^^^^^^^^^^^
  File "apps/frappe/frappe/handler.py", line 86, in execute_cmd
    return frappe.call(method, **frappe.form_dict)
           ^^^^^^^^^^^^^^^^^^^^^^^^^^^^^^^^^^^^^^^
  File "apps/frappe/frappe/__init__.py", line 1758, in call
    return fn(*args, **newargs)
           ^^^^^^^^^^^^^^^^^^^^
  File "apps/frappe/frappe/utils/typing_validations.py", line 32, in wrapper
    return func(*args, **kwargs)
           ^^^^^^^^^^^^^^^^^^^^^
  File "apps/chatnext_work_connect/chatnext_work_connect/chatnext_work_connect/doctype/recognition_type/recognition_type.py", line 85, in refresh_recognition_entries
    doc._refresh_recognition_entries()
  File "apps/chatnext_work_connect/chatnext_work_connect/chatnext_work_connect/doctype/recognition_type/recognition_type.py", line 70, in _refresh_recognition_entries
    self.save(ignore_permissions=True)
  File "apps/frappe/frappe/model/document.py", line 378, in save
    return self._save(*args, **kwargs)
           ^^^^^^^^^^^^^^^^^^^^^^^^^^^
  File "apps/frappe/frappe/model/document.py", line 408, in _save
    self.check_if_latest()
  File "apps/frappe/frappe/model/document.py", line 867, in check_if_latest
    frappe.msgprint(
  File "apps/frappe/frappe/__init__.py", line 578, in msgprint
    _raise_exception()
  File "apps/frappe/frappe/__init__.py", line 529, in _raise_exception
    raise exc
frappe.exceptions.TimestampMismatchError: Error: Document has been modified after you have opened it (2026-03-06 13:28:45.499736, 2026-03-06 13:28:45.506593). Please refresh to get the latest document.
 @ https://dev.pwhr.in/assets/cn_todo_manager/todoapp/ui-vendor-E5SJIlaq.js:0
[   58074ms] [ERROR] Failed to load resource: the server responded with a status of 417 (EXPECTATION FAILED) @ https://dev.pwhr.in/api/method/chatnext_work_connect.chatnext_work_connect.doctype.recognition_type.recognition_type.refresh_recognition_entries:0
[   58075ms] [ERROR] Traceback (most recent call last):
  File "apps/frappe/frappe/app.py", line 120, in application
    response = frappe.api.handle(request)
               ^^^^^^^^^^^^^^^^^^^^^^^^^^
  File "apps/frappe/frappe/api/__init__.py", line 52, in handle
    data = endpoint(**arguments)
           ^^^^^^^^^^^^^^^^^^^^^
  File "apps/frappe/frappe/api/v1.py", line 40, in handle_rpc_call
    return frappe.handler.handle()
           ^^^^^^^^^^^^^^^^^^^^^^^
  File "apps/frappe/frappe/handler.py", line 53, in handle
    data = execute_cmd(cmd)
           ^^^^^^^^^^^^^^^^
  File "apps/frappe/frappe/handler.py", line 86, in execute_cmd
    return frappe.call(method, **frappe.form_dict)
           ^^^^^^^^^^^^^^^^^^^^^^^^^^^^^^^^^^^^^^^
  File "apps/frappe/frappe/__init__.py", line 1758, in call
    return fn(*args, **newargs)
           ^^^^^^^^^^^^^^^^^^^^
  File "apps/frappe/frappe/utils/typing_validations.py", line 32, in wrapper
    return func(*args, **kwargs)
           ^^^^^^^^^^^^^^^^^^^^^
  File "apps/chatnext_work_connect/chatnext_work_connect/chatnext_work_connect/doctype/recognition_type/recognition_type.py", line 85, in refresh_recognition_entries
    doc._refresh_recognition_entries()
  File "apps/chatnext_work_connect/chatnext_work_connect/chatnext_work_connect/doctype/recognition_type/recognition_type.py", line 70, in _refresh_recognition_entries
    self.save(ignore_permissions=True)
  File "apps/frappe/frappe/model/document.py", line 378, in save
    return self._save(*args, **kwargs)
           ^^^^^^^^^^^^^^^^^^^^^^^^^^^
  File "apps/frappe/frappe/model/document.py", line 408, in _save
    self.check_if_latest()
  File "apps/frappe/frappe/model/document.py", line 867, in check_if_latest
    frappe.msgprint(
  File "apps/frappe/frappe/__init__.py", line 578, in msgprint
    _raise_exception()
  File "apps/frappe/frappe/__init__.py", line 529, in _raise_exception
    raise exc
frappe.exceptions.TimestampMismatchError: Error: Document has been modified after you have opened it (2026-03-06 13:28:59.260133, 2026-03-06 13:28:59.261771). Please refresh to get the latest document.
 @ https://dev.pwhr.in/assets/cn_todo_manager/todoapp/ui-vendor-E5SJIlaq.js:0
[   60182ms] [ERROR] Failed to load resource: the server responded with a status of 417 (EXPECTATION FAILED) @ https://dev.pwhr.in/api/method/chatnext_work_connect.chatnext_work_connect.doctype.recognition_type.recognition_type.refresh_recognition_entries:0
[   60183ms] [ERROR] Traceback (most recent call last):
  File "apps/frappe/frappe/app.py", line 120, in application
    response = frappe.api.handle(request)
               ^^^^^^^^^^^^^^^^^^^^^^^^^^
  File "apps/frappe/frappe/api/__init__.py", line 52, in handle
    data = endpoint(**arguments)
           ^^^^^^^^^^^^^^^^^^^^^
  File "apps/frappe/frappe/api/v1.py", line 40, in handle_rpc_call
    return frappe.handler.handle()
           ^^^^^^^^^^^^^^^^^^^^^^^
  File "apps/frappe/frappe/handler.py", line 53, in handle
    data = execute_cmd(cmd)
           ^^^^^^^^^^^^^^^^
  File "apps/frappe/frappe/handler.py", line 86, in execute_cmd
    return frappe.call(method, **frappe.form_dict)
           ^^^^^^^^^^^^^^^^^^^^^^^^^^^^^^^^^^^^^^^
  File "apps/frappe/frappe/__init__.py", line 1758, in call
    return fn(*args, **newargs)
           ^^^^^^^^^^^^^^^^^^^^
  File "apps/frappe/frappe/utils/typing_validations.py", line 32, in wrapper
    return func(*args, **kwargs)
           ^^^^^^^^^^^^^^^^^^^^^
  File "apps/chatnext_work_connect/chatnext_work_connect/chatnext_work_connect/doctype/recognition_type/recognition_type.py", line 85, in refresh_recognition_entries
    doc._refresh_recognition_entries()
  File "apps/chatnext_work_connect/chatnext_work_connect/chatnext_work_connect/doctype/recognition_type/recognition_type.py", line 70, in _refresh_recognition_entries
    self.save(ignore_permissions=True)
  File "apps/frappe/frappe/model/document.py", line 378, in save
    return self._save(*args, **kwargs)
           ^^^^^^^^^^^^^^^^^^^^^^^^^^^
  File "apps/frappe/frappe/model/document.py", line 408, in _save
    self.check_if_latest()
  File "apps/frappe/frappe/model/document.py", line 867, in check_if_latest
    frappe.msgprint(
  File "apps/frappe/frappe/__init__.py", line 578, in msgprint
    _raise_exception()
  File "apps/frappe/frappe/__init__.py", line 529, in _raise_exception
    raise exc
frappe.exceptions.TimestampMismatchError: Error: Document has been modified after you have opened it (2026-03-06 13:29:01.379868, 2026-03-06 13:29:01.387480). Please refresh to get the latest document.
 @ https://dev.pwhr.in/assets/cn_todo_manager/todoapp/ui-vendor-E5SJIlaq.js:0
[  232134ms] [ERROR] Failed to load resource: the server responded with a status of 417 (EXPECTATION FAILED) @ https://dev.pwhr.in/api/method/chatnext_work_connect.chatnext_work_connect.doctype.recognition_type.recognition_type.refresh_recognition_entries:0
[  232135ms] [ERROR] Traceback (most recent call last):
  File "apps/frappe/frappe/app.py", line 120, in application
    response = frappe.api.handle(request)
               ^^^^^^^^^^^^^^^^^^^^^^^^^^
  File "apps/frappe/frappe/api/__init__.py", line 52, in handle
    data = endpoint(**arguments)
           ^^^^^^^^^^^^^^^^^^^^^
  File "apps/frappe/frappe/api/v1.py", line 40, in handle_rpc_call
    return frappe.handler.handle()
           ^^^^^^^^^^^^^^^^^^^^^^^
  File "apps/frappe/frappe/handler.py", line 53, in handle
    data = execute_cmd(cmd)
           ^^^^^^^^^^^^^^^^
  File "apps/frappe/frappe/handler.py", line 86, in execute_cmd
    return frappe.call(method, **frappe.form_dict)
           ^^^^^^^^^^^^^^^^^^^^^^^^^^^^^^^^^^^^^^^
  File "apps/frappe/frappe/__init__.py", line 1758, in call
    return fn(*args, **newargs)
           ^^^^^^^^^^^^^^^^^^^^
  File "apps/frappe/frappe/utils/typing_validations.py", line 32, in wrapper
    return func(*args, **kwargs)
           ^^^^^^^^^^^^^^^^^^^^^
  File "apps/chatnext_work_connect/chatnext_work_connect/chatnext_work_connect/doctype/recognition_type/recognition_type.py", line 85, in refresh_recognition_entries
    doc._refresh_recognition_entries()
  File "apps/chatnext_work_connect/chatnext_work_connect/chatnext_work_connect/doctype/recognition_type/recognition_type.py", line 70, in _refresh_recognition_entries
    self.save(ignore_permissions=True)
  File "apps/frappe/frappe/model/document.py", line 378, in save
    return self._save(*args, **kwargs)
           ^^^^^^^^^^^^^^^^^^^^^^^^^^^
  File "apps/frappe/frappe/model/document.py", line 408, in _save
    self.check_if_latest()
  File "apps/frappe/frappe/model/document.py", line 867, in check_if_latest
    frappe.msgprint(
  File "apps/frappe/frappe/__init__.py", line 578, in msgprint
    _raise_exception()
  File "apps/frappe/frappe/__init__.py", line 529, in _raise_exception
    raise exc
frappe.exceptions.TimestampMismatchError: Error: Document has been modified after you have opened it (2026-03-06 13:31:53.332353, 2026-03-06 13:31:53.336206). Please refresh to get the latest document.
 @ https://dev.pwhr.in/assets/cn_todo_manager/todoapp/ui-vendor-E5SJIlaq.js:0
[  239484ms] [ERROR] Failed to load resource: the server responded with a status of 417 (EXPECTATION FAILED) @ https://dev.pwhr.in/api/method/chatnext_work_connect.chatnext_work_connect.doctype.recognition_type.recognition_type.refresh_recognition_entries:0
[  239486ms] [ERROR] Traceback (most recent call last):
  File "apps/frappe/frappe/app.py", line 120, in application
    response = frappe.api.handle(request)
               ^^^^^^^^^^^^^^^^^^^^^^^^^^
  File "apps/frappe/frappe/api/__init__.py", line 52, in handle
    data = endpoint(**arguments)
           ^^^^^^^^^^^^^^^^^^^^^
  File "apps/frappe/frappe/api/v1.py", line 40, in handle_rpc_call
    return frappe.handler.handle()
           ^^^^^^^^^^^^^^^^^^^^^^^
  File "apps/frappe/frappe/handler.py", line 53, in handle
    data = execute_cmd(cmd)
           ^^^^^^^^^^^^^^^^
  File "apps/frappe/frappe/handler.py", line 86, in execute_cmd
    return frappe.call(method, **frappe.form_dict)
           ^^^^^^^^^^^^^^^^^^^^^^^^^^^^^^^^^^^^^^^
  File "apps/frappe/frappe/__init__.py", line 1758, in call
    return fn(*args, **newargs)
           ^^^^^^^^^^^^^^^^^^^^
  File "apps/frappe/frappe/utils/typing_validations.py", line 32, in wrapper
    return func(*args, **kwargs)
           ^^^^^^^^^^^^^^^^^^^^^
  File "apps/chatnext_work_connect/chatnext_work_connect/chatnext_work_connect/doctype/recognition_type/recognition_type.py", line 85, in refresh_recognition_entries
    doc._refresh_recognition_entries()
  File "apps/chatnext_work_connect/chatnext_work_connect/chatnext_work_connect/doctype/recognition_type/recognition_type.py", line 70, in _refresh_recognition_entries
    self.save(ignore_permissions=True)
  File "apps/frappe/frappe/model/document.py", line 378, in save
    return self._save(*args, **kwargs)
           ^^^^^^^^^^^^^^^^^^^^^^^^^^^
  File "apps/frappe/frappe/model/document.py", line 408, in _save
    self.check_if_latest()
  File "apps/frappe/frappe/model/document.py", line 867, in check_if_latest
    frappe.msgprint(
  File "apps/frappe/frappe/__init__.py", line 578, in msgprint
    _raise_exception()
  File "apps/frappe/frappe/__init__.py", line 529, in _raise_exception
    raise exc
frappe.exceptions.TimestampMismatchError: Error: Document has been modified after you have opened it (2026-03-06 13:32:00.670576, 2026-03-06 13:32:00.670860). Please refresh to get the latest document.
 @ https://dev.pwhr.in/assets/cn_todo_manager/todoapp/ui-vendor-E5SJIlaq.js:0
[  241619ms] [ERROR] Failed to load resource: the server responded with a status of 417 (EXPECTATION FAILED) @ https://dev.pwhr.in/api/method/chatnext_work_connect.chatnext_work_connect.doctype.recognition_type.recognition_type.refresh_recognition_entries:0
[  241621ms] [ERROR] Traceback (most recent call last):
  File "apps/frappe/frappe/app.py", line 120, in application
    response = frappe.api.handle(request)
               ^^^^^^^^^^^^^^^^^^^^^^^^^^
  File "apps/frappe/frappe/api/__init__.py", line 52, in handle
    data = endpoint(**arguments)
           ^^^^^^^^^^^^^^^^^^^^^
  File "apps/frappe/frappe/api/v1.py", line 40, in handle_rpc_call
    return frappe.handler.handle()
           ^^^^^^^^^^^^^^^^^^^^^^^
  File "apps/frappe/frappe/handler.py", line 53, in handle
    data = execute_cmd(cmd)
           ^^^^^^^^^^^^^^^^
  File "apps/frappe/frappe/handler.py", line 86, in execute_cmd
    return frappe.call(method, **frappe.form_dict)
           ^^^^^^^^^^^^^^^^^^^^^^^^^^^^^^^^^^^^^^^
  File "apps/frappe/frappe/__init__.py", line 1758, in call
    return fn(*args, **newargs)
           ^^^^^^^^^^^^^^^^^^^^
  File "apps/frappe/frappe/utils/typing_validations.py", line 32, in wrapper
    return func(*args, **kwargs)
           ^^^^^^^^^^^^^^^^^^^^^
  File "apps/chatnext_work_connect/chatnext_work_connect/chatnext_work_connect/doctype/recognition_type/recognition_type.py", line 85, in refresh_recognition_entries
    doc._refresh_recognition_entries()
  File "apps/chatnext_work_connect/chatnext_work_connect/chatnext_work_connect/doctype/recognition_type/recognition_type.py", line 70, in _refresh_recognition_entries
    self.save(ignore_permissions=True)
  File "apps/frappe/frappe/model/document.py", line 378, in save
    return self._save(*args, **kwargs)
           ^^^^^^^^^^^^^^^^^^^^^^^^^^^
  File "apps/frappe/frappe/model/document.py", line 408, in _save
    self.check_if_latest()
  File "apps/frappe/frappe/model/document.py", line 867, in check_if_latest
    frappe.msgprint(
  File "apps/frappe/frappe/__init__.py", line 578, in msgprint
    _raise_exception()
  File "apps/frappe/frappe/__init__.py", line 529, in _raise_exception
    raise exc
frappe.exceptions.TimestampMismatchError: Error: Document has been modified after you have opened it (2026-03-06 13:32:02.801025, 2026-03-06 13:32:02.807715). Please refresh to get the latest document.
 @ https://dev.pwhr.in/assets/cn_todo_manager/todoapp/ui-vendor-E5SJIlaq.js:0
[  259614ms] [ERROR] Failed to load resource: the server responded with a status of 417 (EXPECTATION FAILED) @ https://dev.pwhr.in/api/method/chatnext_work_connect.chatnext_work_connect.doctype.recognition_type.recognition_type.refresh_recognition_entries:0
[  259615ms] [ERROR] Traceback (most recent call last):
  File "apps/frappe/frappe/app.py", line 120, in application
    response = frappe.api.handle(request)
               ^^^^^^^^^^^^^^^^^^^^^^^^^^
  File "apps/frappe/frappe/api/__init__.py", line 52, in handle
    data = endpoint(**arguments)
           ^^^^^^^^^^^^^^^^^^^^^
  File "apps/frappe/frappe/api/v1.py", line 40, in handle_rpc_call
    return frappe.handler.handle()
           ^^^^^^^^^^^^^^^^^^^^^^^
  File "apps/frappe/frappe/handler.py", line 53, in handle
    data = execute_cmd(cmd)
           ^^^^^^^^^^^^^^^^
  File "apps/frappe/frappe/handler.py", line 86, in execute_cmd
    return frappe.call(method, **frappe.form_dict)
           ^^^^^^^^^^^^^^^^^^^^^^^^^^^^^^^^^^^^^^^
  File "apps/frappe/frappe/__init__.py", line 1758, in call
    return fn(*args, **newargs)
           ^^^^^^^^^^^^^^^^^^^^
  File "apps/frappe/frappe/utils/typing_validations.py", line 32, in wrapper
    return func(*args, **kwargs)
           ^^^^^^^^^^^^^^^^^^^^^
  File "apps/chatnext_work_connect/chatnext_work_connect/chatnext_work_connect/doctype/recognition_type/recognition_type.py", line 85, in refresh_recognition_entries
    doc._refresh_recognition_entries()
  File "apps/chatnext_work_connect/chatnext_work_connect/chatnext_work_connect/doctype/recognition_type/recognition_type.py", line 70, in _refresh_recognition_entries
    self.save(ignore_permissions=True)
  File "apps/frappe/frappe/model/document.py", line 378, in save
    return self._save(*args, **kwargs)
           ^^^^^^^^^^^^^^^^^^^^^^^^^^^
  File "apps/frappe/frappe/model/document.py", line 408, in _save
    self.check_if_latest()
  File "apps/frappe/frappe/model/document.py", line 867, in check_if_latest
    frappe.msgprint(
  File "apps/frappe/frappe/__init__.py", line 578, in msgprint
    _raise_exception()
  File "apps/frappe/frappe/__init__.py", line 529, in _raise_exception
    raise exc
frappe.exceptions.TimestampMismatchError: Error: Document has been modified after you have opened it (2026-03-06 13:32:20.799233, 2026-03-06 13:32:20.800395). Please refresh to get the latest document.
 @ https://dev.pwhr.in/assets/cn_todo_manager/todoapp/ui-vendor-E5SJIlaq.js:0
[  262805ms] [ERROR] Failed to load resource: the server responded with a status of 417 (EXPECTATION FAILED) @ https://dev.pwhr.in/api/method/chatnext_work_connect.chatnext_work_connect.doctype.recognition_type.recognition_type.refresh_recognition_entries:0
[  262807ms] [ERROR] Traceback (most recent call last):
  File "apps/frappe/frappe/app.py", line 120, in application
    response = frappe.api.handle(request)
               ^^^^^^^^^^^^^^^^^^^^^^^^^^
  File "apps/frappe/frappe/api/__init__.py", line 52, in handle
    data = endpoint(**arguments)
           ^^^^^^^^^^^^^^^^^^^^^
  File "apps/frappe/frappe/api/v1.py", line 40, in handle_rpc_call
    return frappe.handler.handle()
           ^^^^^^^^^^^^^^^^^^^^^^^
  File "apps/frappe/frappe/handler.py", line 53, in handle
    data = execute_cmd(cmd)
           ^^^^^^^^^^^^^^^^
  File "apps/frappe/frappe/handler.py", line 86, in execute_cmd
    return frappe.call(method, **frappe.form_dict)
           ^^^^^^^^^^^^^^^^^^^^^^^^^^^^^^^^^^^^^^^
  File "apps/frappe/frappe/__init__.py", line 1758, in call
    return fn(*args, **newargs)
           ^^^^^^^^^^^^^^^^^^^^
  File "apps/frappe/frappe/utils/typing_validations.py", line 32, in wrapper
    return func(*args, **kwargs)
           ^^^^^^^^^^^^^^^^^^^^^
  File "apps/chatnext_work_connect/chatnext_work_connect/chatnext_work_connect/doctype/recognition_type/recognition_type.py", line 85, in refresh_recognition_entries
    doc._refresh_recognition_entries()
  File "apps/chatnext_work_connect/chatnext_work_connect/chatnext_work_connect/doctype/recognition_type/recognition_type.py", line 70, in _refresh_recognition_entries
    self.save(ignore_permissions=True)
  File "apps/frappe/frappe/model/document.py", line 378, in save
    return self._save(*args, **kwargs)
           ^^^^^^^^^^^^^^^^^^^^^^^^^^^
  File "apps/frappe/frappe/model/document.py", line 408, in _save
    self.check_if_latest()
  File "apps/frappe/frappe/model/document.py", line 867, in check_if_latest
    frappe.msgprint(
  File "apps/frappe/frappe/__init__.py", line 578, in msgprint
    _raise_exception()
  File "apps/frappe/frappe/__init__.py", line 529, in _raise_exception
    raise exc
frappe.exceptions.TimestampMismatchError: Error: Document has been modified after you have opened it (2026-03-06 13:32:23.951510, 2026-03-06 13:32:23.955829). Please refresh to get the latest document.
 @ https://dev.pwhr.in/assets/cn_todo_manager/todoapp/ui-vendor-E5SJIlaq.js:0
[  265022ms] [ERROR] Failed to load resource: the server responded with a status of 417 (EXPECTATION FAILED) @ https://dev.pwhr.in/api/method/chatnext_work_connect.chatnext_work_connect.doctype.recognition_type.recognition_type.refresh_recognition_entries:0
[  265023ms] [ERROR] Traceback (most recent call last):
  File "apps/frappe/frappe/app.py", line 120, in application
    response = frappe.api.handle(request)
               ^^^^^^^^^^^^^^^^^^^^^^^^^^
  File "apps/frappe/frappe/api/__init__.py", line 52, in handle
    data = endpoint(**arguments)
           ^^^^^^^^^^^^^^^^^^^^^
  File "apps/frappe/frappe/api/v1.py", line 40, in handle_rpc_call
    return frappe.handler.handle()
           ^^^^^^^^^^^^^^^^^^^^^^^
  File "apps/frappe/frappe/handler.py", line 53, in handle
    data = execute_cmd(cmd)
           ^^^^^^^^^^^^^^^^
  File "apps/frappe/frappe/handler.py", line 86, in execute_cmd
    return frappe.call(method, **frappe.form_dict)
           ^^^^^^^^^^^^^^^^^^^^^^^^^^^^^^^^^^^^^^^
  File "apps/frappe/frappe/__init__.py", line 1758, in call
    return fn(*args, **newargs)
           ^^^^^^^^^^^^^^^^^^^^
  File "apps/frappe/frappe/utils/typing_validations.py", line 32, in wrapper
    return func(*args, **kwargs)
           ^^^^^^^^^^^^^^^^^^^^^
  File "apps/chatnext_work_connect/chatnext_work_connect/chatnext_work_connect/doctype/recognition_type/recognition_type.py", line 85, in refresh_recognition_entries
    doc._refresh_recognition_entries()
  File "apps/chatnext_work_connect/chatnext_work_connect/chatnext_work_connect/doctype/recognition_type/recognition_type.py", line 70, in _refresh_recognition_entries
    self.save(ignore_permissions=True)
  File "apps/frappe/frappe/model/document.py", line 378, in save
    return self._save(*args, **kwargs)
           ^^^^^^^^^^^^^^^^^^^^^^^^^^^
  File "apps/frappe/frappe/model/document.py", line 408, in _save
    self.check_if_latest()
  File "apps/frappe/frappe/model/document.py", line 867, in check_if_latest
    frappe.msgprint(
  File "apps/frappe/frappe/__init__.py", line 578, in msgprint
    _raise_exception()
  File "apps/frappe/frappe/__init__.py", line 529, in _raise_exception
    raise exc
frappe.exceptions.TimestampMismatchError: Error: Document has been modified after you have opened it (2026-03-06 13:32:26.203517, 2026-03-06 13:32:26.207579). Please refresh to get the latest document.
 @ https://dev.pwhr.in/assets/cn_todo_manager/todoapp/ui-vendor-E5SJIlaq.js:0
[  268303ms] [ERROR] Failed to load resource: the server responded with a status of 417 (EXPECTATION FAILED) @ https://dev.pwhr.in/api/method/chatnext_work_connect.chatnext_work_connect.doctype.recognition_type.recognition_type.refresh_recognition_entries:0
[  268305ms] [ERROR] Traceback (most recent call last):
  File "apps/frappe/frappe/app.py", line 120, in application
    response = frappe.api.handle(request)
               ^^^^^^^^^^^^^^^^^^^^^^^^^^
  File "apps/frappe/frappe/api/__init__.py", line 52, in handle
    data = endpoint(**arguments)
           ^^^^^^^^^^^^^^^^^^^^^
  File "apps/frappe/frappe/api/v1.py", line 40, in handle_rpc_call
    return frappe.handler.handle()
           ^^^^^^^^^^^^^^^^^^^^^^^
  File "apps/frappe/frappe/handler.py", line 53, in handle
    data = execute_cmd(cmd)
           ^^^^^^^^^^^^^^^^
  File "apps/frappe/frappe/handler.py", line 86, in execute_cmd
    return frappe.call(method, **frappe.form_dict)
           ^^^^^^^^^^^^^^^^^^^^^^^^^^^^^^^^^^^^^^^
  File "apps/frappe/frappe/__init__.py", line 1758, in call
    return fn(*args, **newargs)
           ^^^^^^^^^^^^^^^^^^^^
  File "apps/frappe/frappe/utils/typing_validations.py", line 32, in wrapper
    return func(*args, **kwargs)
           ^^^^^^^^^^^^^^^^^^^^^
  File "apps/chatnext_work_connect/chatnext_work_connect/chatnext_work_connect/doctype/recognition_type/recognition_type.py", line 85, in refresh_recognition_entries
    doc._refresh_recognition_entries()
  File "apps/chatnext_work_connect/chatnext_work_connect/chatnext_work_connect/doctype/recognition_type/recognition_type.py", line 70, in _refresh_recognition_entries
    self.save(ignore_permissions=True)
  File "apps/frappe/frappe/model/document.py", line 378, in save
    return self._save(*args, **kwargs)
           ^^^^^^^^^^^^^^^^^^^^^^^^^^^
  File "apps/frappe/frappe/model/document.py", line 408, in _save
    self.check_if_latest()
  File "apps/frappe/frappe/model/document.py", line 867, in check_if_latest
    frappe.msgprint(
  File "apps/frappe/frappe/__init__.py", line 578, in msgprint
    _raise_exception()
  File "apps/frappe/frappe/__init__.py", line 529, in _raise_exception
    raise exc
frappe.exceptions.TimestampMismatchError: Error: Document has been modified after you have opened it (2026-03-06 13:32:29.399784, 2026-03-06 13:32:29.400133). Please refresh to get the latest document.
 @ https://dev.pwhr.in/assets/cn_todo_manager/todoapp/ui-vendor-E5SJIlaq.js:0
[  270421ms] [ERROR] Failed to load resource: the server responded with a status of 417 (EXPECTATION FAILED) @ https://dev.pwhr.in/api/method/chatnext_work_connect.chatnext_work_connect.doctype.recognition_type.recognition_type.refresh_recognition_entries:0
[  270423ms] [ERROR] Traceback (most recent call last):
  File "apps/frappe/frappe/app.py", line 120, in application
    response = frappe.api.handle(request)
               ^^^^^^^^^^^^^^^^^^^^^^^^^^
  File "apps/frappe/frappe/api/__init__.py", line 52, in handle
    data = endpoint(**arguments)
           ^^^^^^^^^^^^^^^^^^^^^
  File "apps/frappe/frappe/api/v1.py", line 40, in handle_rpc_call
    return frappe.handler.handle()
           ^^^^^^^^^^^^^^^^^^^^^^^
  File "apps/frappe/frappe/handler.py", line 53, in handle
    data = execute_cmd(cmd)
           ^^^^^^^^^^^^^^^^
  File "apps/frappe/frappe/handler.py", line 86, in execute_cmd
    return frappe.call(method, **frappe.form_dict)
           ^^^^^^^^^^^^^^^^^^^^^^^^^^^^^^^^^^^^^^^
  File "apps/frappe/frappe/__init__.py", line 1758, in call
    return fn(*args, **newargs)
           ^^^^^^^^^^^^^^^^^^^^
  File "apps/frappe/frappe/utils/typing_validations.py", line 32, in wrapper
    return func(*args, **kwargs)
           ^^^^^^^^^^^^^^^^^^^^^
  File "apps/chatnext_work_connect/chatnext_work_connect/chatnext_work_connect/doctype/recognition_type/recognition_type.py", line 85, in refresh_recognition_entries
    doc._refresh_recognition_entries()
  File "apps/chatnext_work_connect/chatnext_work_connect/chatnext_work_connect/doctype/recognition_type/recognition_type.py", line 70, in _refresh_recognition_entries
    self.save(ignore_permissions=True)
  File "apps/frappe/frappe/model/document.py", line 378, in save
    return self._save(*args, **kwargs)
           ^^^^^^^^^^^^^^^^^^^^^^^^^^^
  File "apps/frappe/frappe/model/document.py", line 408, in _save
    self.check_if_latest()
  File "apps/frappe/frappe/model/document.py", line 867, in check_if_latest
    frappe.msgprint(
  File "apps/frappe/frappe/__init__.py", line 578, in msgprint
    _raise_exception()
  File "apps/frappe/frappe/__init__.py", line 529, in _raise_exception
    raise exc
frappe.exceptions.TimestampMismatchError: Error: Document has been modified after you have opened it (2026-03-06 13:32:31.609404, 2026-03-06 13:32:31.616274). Please refresh to get the latest document.
 @ https://dev.pwhr.in/assets/cn_todo_manager/todoapp/ui-vendor-E5SJIlaq.js:0
[  273593ms] [ERROR] Failed to load resource: the server responded with a status of 417 (EXPECTATION FAILED) @ https://dev.pwhr.in/api/method/chatnext_work_connect.chatnext_work_connect.doctype.recognition_type.recognition_type.refresh_recognition_entries:0
[  273595ms] [ERROR] Traceback (most recent call last):
  File "apps/frappe/frappe/app.py", line 120, in application
    response = frappe.api.handle(request)
               ^^^^^^^^^^^^^^^^^^^^^^^^^^
  File "apps/frappe/frappe/api/__init__.py", line 52, in handle
    data = endpoint(**arguments)
           ^^^^^^^^^^^^^^^^^^^^^
  File "apps/frappe/frappe/api/v1.py", line 40, in handle_rpc_call
    return frappe.handler.handle()
           ^^^^^^^^^^^^^^^^^^^^^^^
  File "apps/frappe/frappe/handler.py", line 53, in handle
    data = execute_cmd(cmd)
           ^^^^^^^^^^^^^^^^
  File "apps/frappe/frappe/handler.py", line 86, in execute_cmd
    return frappe.call(method, **frappe.form_dict)
           ^^^^^^^^^^^^^^^^^^^^^^^^^^^^^^^^^^^^^^^
  File "apps/frappe/frappe/__init__.py", line 1758, in call
    return fn(*args, **newargs)
           ^^^^^^^^^^^^^^^^^^^^
  File "apps/frappe/frappe/utils/typing_validations.py", line 32, in wrapper
    return func(*args, **kwargs)
           ^^^^^^^^^^^^^^^^^^^^^
  File "apps/chatnext_work_connect/chatnext_work_connect/chatnext_work_connect/doctype/recognition_type/recognition_type.py", line 85, in refresh_recognition_entries
    doc._refresh_recognition_entries()
  File "apps/chatnext_work_connect/chatnext_work_connect/chatnext_work_connect/doctype/recognition_type/recognition_type.py", line 70, in _refresh_recognition_entries
    self.save(ignore_permissions=True)
  File "apps/frappe/frappe/model/document.py", line 378, in save
    return self._save(*args, **kwargs)
           ^^^^^^^^^^^^^^^^^^^^^^^^^^^
  File "apps/frappe/frappe/model/document.py", line 408, in _save
    self.check_if_latest()
  File "apps/frappe/frappe/model/document.py", line 867, in check_if_latest
    frappe.msgprint(
  File "apps/frappe/frappe/__init__.py", line 578, in msgprint
    _raise_exception()
  File "apps/frappe/frappe/__init__.py", line 529, in _raise_exception
    raise exc
frappe.exceptions.TimestampMismatchError: Error: Document has been modified after you have opened it (2026-03-06 13:32:34.777638, 2026-03-06 13:32:34.782910). Please refresh to get the latest document.
 @ https://dev.pwhr.in/assets/cn_todo_manager/todoapp/ui-vendor-E5SJIlaq.js:0
[  275736ms] [ERROR] Failed to load resource: the server responded with a status of 417 (EXPECTATION FAILED) @ https://dev.pwhr.in/api/method/chatnext_work_connect.chatnext_work_connect.doctype.recognition_type.recognition_type.refresh_recognition_entries:0
[  275737ms] [ERROR] Traceback (most recent call last):
  File "apps/frappe/frappe/app.py", line 120, in application
    response = frappe.api.handle(request)
               ^^^^^^^^^^^^^^^^^^^^^^^^^^
  File "apps/frappe/frappe/api/__init__.py", line 52, in handle
    data = endpoint(**arguments)
           ^^^^^^^^^^^^^^^^^^^^^
  File "apps/frappe/frappe/api/v1.py", line 40, in handle_rpc_call
    return frappe.handler.handle()
           ^^^^^^^^^^^^^^^^^^^^^^^
  File "apps/frappe/frappe/handler.py", line 53, in handle
    data = execute_cmd(cmd)
           ^^^^^^^^^^^^^^^^
  File "apps/frappe/frappe/handler.py", line 86, in execute_cmd
    return frappe.call(method, **frappe.form_dict)
           ^^^^^^^^^^^^^^^^^^^^^^^^^^^^^^^^^^^^^^^
  File "apps/frappe/frappe/__init__.py", line 1758, in call
    return fn(*args, **newargs)
           ^^^^^^^^^^^^^^^^^^^^
  File "apps/frappe/frappe/utils/typing_validations.py", line 32, in wrapper
    return func(*args, **kwargs)
           ^^^^^^^^^^^^^^^^^^^^^
  File "apps/chatnext_work_connect/chatnext_work_connect/chatnext_work_connect/doctype/recognition_type/recognition_type.py", line 85, in refresh_recognition_entries
    doc._refresh_recognition_entries()
  File "apps/chatnext_work_connect/chatnext_work_connect/chatnext_work_connect/doctype/recognition_type/recognition_type.py", line 70, in _refresh_recognition_entries
    self.save(ignore_permissions=True)
  File "apps/frappe/frappe/model/document.py", line 378, in save
    return self._save(*args, **kwargs)
           ^^^^^^^^^^^^^^^^^^^^^^^^^^^
  File "apps/frappe/frappe/model/document.py", line 408, in _save
    self.check_if_latest()
  File "apps/frappe/frappe/model/document.py", line 867, in check_if_latest
    frappe.msgprint(
  File "apps/frappe/frappe/__init__.py", line 578, in msgprint
    _raise_exception()
  File "apps/frappe/frappe/__init__.py", line 529, in _raise_exception
    raise exc
frappe.exceptions.TimestampMismatchError: Error: Document has been modified after you have opened it (2026-03-06 13:32:36.916337, 2026-03-06 13:32:36.919778). Please refresh to get the latest document.
 @ https://dev.pwhr.in/assets/cn_todo_manager/todoapp/ui-vendor-E5SJIlaq.js:0
[  278996ms] [ERROR] Failed to load resource: the server responded with a status of 417 (EXPECTATION FAILED) @ https://dev.pwhr.in/api/method/chatnext_work_connect.chatnext_work_connect.doctype.recognition_type.recognition_type.refresh_recognition_entries:0
[  278998ms] [ERROR] Traceback (most recent call last):
  File "apps/frappe/frappe/app.py", line 120, in application
    response = frappe.api.handle(request)
               ^^^^^^^^^^^^^^^^^^^^^^^^^^
  File "apps/frappe/frappe/api/__init__.py", line 52, in handle
    data = endpoint(**arguments)
           ^^^^^^^^^^^^^^^^^^^^^
  File "apps/frappe/frappe/api/v1.py", line 40, in handle_rpc_call
    return frappe.handler.handle()
           ^^^^^^^^^^^^^^^^^^^^^^^
  File "apps/frappe/frappe/handler.py", line 53, in handle
    data = execute_cmd(cmd)
           ^^^^^^^^^^^^^^^^
  File "apps/frappe/frappe/handler.py", line 86, in execute_cmd
    return frappe.call(method, **frappe.form_dict)
           ^^^^^^^^^^^^^^^^^^^^^^^^^^^^^^^^^^^^^^^
  File "apps/frappe/frappe/__init__.py", line 1758, in call
    return fn(*args, **newargs)
           ^^^^^^^^^^^^^^^^^^^^
  File "apps/frappe/frappe/utils/typing_validations.py", line 32, in wrapper
    return func(*args, **kwargs)
           ^^^^^^^^^^^^^^^^^^^^^
  File "apps/chatnext_work_connect/chatnext_work_connect/chatnext_work_connect/doctype/recognition_type/recognition_type.py", line 85, in refresh_recognition_entries
    doc._refresh_recognition_entries()
  File "apps/chatnext_work_connect/chatnext_work_connect/chatnext_work_connect/doctype/recognition_type/recognition_type.py", line 70, in _refresh_recognition_entries
    self.save(ignore_permissions=True)
  File "apps/frappe/frappe/model/document.py", line 378, in save
    return self._save(*args, **kwargs)
           ^^^^^^^^^^^^^^^^^^^^^^^^^^^
  File "apps/frappe/frappe/model/document.py", line 408, in _save
    self.check_if_latest()
  File "apps/frappe/frappe/model/document.py", line 867, in check_if_latest
    frappe.msgprint(
  File "apps/frappe/frappe/__init__.py", line 578, in msgprint
    _raise_exception()
  File "apps/frappe/frappe/__init__.py", line 529, in _raise_exception
    raise exc
frappe.exceptions.TimestampMismatchError: Error: Document has been modified after you have opened it (2026-03-06 13:32:40.177967, 2026-03-06 13:32:40.179509). Please refresh to get the latest document.
 @ https://dev.pwhr.in/assets/cn_todo_manager/todoapp/ui-vendor-E5SJIlaq.js:0
[  282169ms] [ERROR] Failed to load resource: the server responded with a status of 417 (EXPECTATION FAILED) @ https://dev.pwhr.in/api/method/chatnext_work_connect.chatnext_work_connect.doctype.recognition_type.recognition_type.refresh_recognition_entries:0
[  282170ms] [ERROR] Traceback (most recent call last):
  File "apps/frappe/frappe/app.py", line 120, in application
    response = frappe.api.handle(request)
               ^^^^^^^^^^^^^^^^^^^^^^^^^^
  File "apps/frappe/frappe/api/__init__.py", line 52, in handle
    data = endpoint(**arguments)
           ^^^^^^^^^^^^^^^^^^^^^
  File "apps/frappe/frappe/api/v1.py", line 40, in handle_rpc_call
    return frappe.handler.handle()
           ^^^^^^^^^^^^^^^^^^^^^^^
  File "apps/frappe/frappe/handler.py", line 53, in handle
    data = execute_cmd(cmd)
           ^^^^^^^^^^^^^^^^
  File "apps/frappe/frappe/handler.py", line 86, in execute_cmd
    return frappe.call(method, **frappe.form_dict)
           ^^^^^^^^^^^^^^^^^^^^^^^^^^^^^^^^^^^^^^^
  File "apps/frappe/frappe/__init__.py", line 1758, in call
    return fn(*args, **newargs)
           ^^^^^^^^^^^^^^^^^^^^
  File "apps/frappe/frappe/utils/typing_validations.py", line 32, in wrapper
    return func(*args, **kwargs)
           ^^^^^^^^^^^^^^^^^^^^^
  File "apps/chatnext_work_connect/chatnext_work_connect/chatnext_work_connect/doctype/recognition_type/recognition_type.py", line 85, in refresh_recognition_entries
    doc._refresh_recognition_entries()
  File "apps/chatnext_work_connect/chatnext_work_connect/chatnext_work_connect/doctype/recognition_type/recognition_type.py", line 70, in _refresh_recognition_entries
    self.save(ignore_permissions=True)
  File "apps/frappe/frappe/model/document.py", line 378, in save
    return self._save(*args, **kwargs)
           ^^^^^^^^^^^^^^^^^^^^^^^^^^^
  File "apps/frappe/frappe/model/document.py", line 408, in _save
    self.check_if_latest()
  File "apps/frappe/frappe/model/document.py", line 867, in check_if_latest
    frappe.msgprint(
  File "apps/frappe/frappe/__init__.py", line 578, in msgprint
    _raise_exception()
  File "apps/frappe/frappe/__init__.py", line 529, in _raise_exception
    raise exc
frappe.exceptions.TimestampMismatchError: Error: Document has been modified after you have opened it (2026-03-06 13:32:43.354309, 2026-03-06 13:32:43.361441). Please refresh to get the latest document.
 @ https://dev.pwhr.in/assets/cn_todo_manager/todoapp/ui-vendor-E5SJIlaq.js:0
[  285604ms] [ERROR] Failed to load resource: the server responded with a status of 417 (EXPECTATION FAILED) @ https://dev.pwhr.in/api/method/chatnext_work_connect.chatnext_work_connect.doctype.recognition_type.recognition_type.refresh_recognition_entries:0
[  285607ms] [ERROR] Traceback (most recent call last):
  File "apps/frappe/frappe/app.py", line 120, in application
    response = frappe.api.handle(request)
               ^^^^^^^^^^^^^^^^^^^^^^^^^^
  File "apps/frappe/frappe/api/__init__.py", line 52, in handle
    data = endpoint(**arguments)
           ^^^^^^^^^^^^^^^^^^^^^
  File "apps/frappe/frappe/api/v1.py", line 40, in handle_rpc_call
    return frappe.handler.handle()
           ^^^^^^^^^^^^^^^^^^^^^^^
  File "apps/frappe/frappe/handler.py", line 53, in handle
    data = execute_cmd(cmd)
           ^^^^^^^^^^^^^^^^
  File "apps/frappe/frappe/handler.py", line 86, in execute_cmd
    return frappe.call(method, **frappe.form_dict)
           ^^^^^^^^^^^^^^^^^^^^^^^^^^^^^^^^^^^^^^^
  File "apps/frappe/frappe/__init__.py", line 1758, in call
    return fn(*args, **newargs)
           ^^^^^^^^^^^^^^^^^^^^
  File "apps/frappe/frappe/utils/typing_validations.py", line 32, in wrapper
    return func(*args, **kwargs)
           ^^^^^^^^^^^^^^^^^^^^^
  File "apps/chatnext_work_connect/chatnext_work_connect/chatnext_work_connect/doctype/recognition_type/recognition_type.py", line 85, in refresh_recognition_entries
    doc._refresh_recognition_entries()
  File "apps/chatnext_work_connect/chatnext_work_connect/chatnext_work_connect/doctype/recognition_type/recognition_type.py", line 70, in _refresh_recognition_entries
    self.save(ignore_permissions=True)
  File "apps/frappe/frappe/model/document.py", line 378, in save
    return self._save(*args, **kwargs)
           ^^^^^^^^^^^^^^^^^^^^^^^^^^^
  File "apps/frappe/frappe/model/document.py", line 408, in _save
    self.check_if_latest()
  File "apps/frappe/frappe/model/document.py", line 867, in check_if_latest
    frappe.msgprint(
  File "apps/frappe/frappe/__init__.py", line 578, in msgprint
    _raise_exception()
  File "apps/frappe/frappe/__init__.py", line 529, in _raise_exception
    raise exc
frappe.exceptions.TimestampMismatchError: Error: Document has been modified after you have opened it (2026-03-06 13:32:46.659423, 2026-03-06 13:32:46.660109). Please refresh to get the latest document.
 @ https://dev.pwhr.in/assets/cn_todo_manager/todoapp/ui-vendor-E5SJIlaq.js:0
[  287742ms] [ERROR] Failed to load resource: the server responded with a status of 417 (EXPECTATION FAILED) @ https://dev.pwhr.in/api/method/chatnext_work_connect.chatnext_work_connect.doctype.recognition_type.recognition_type.refresh_recognition_entries:0
[  287744ms] [ERROR] Traceback (most recent call last):
  File "apps/frappe/frappe/app.py", line 120, in application
    response = frappe.api.handle(request)
               ^^^^^^^^^^^^^^^^^^^^^^^^^^
  File "apps/frappe/frappe/api/__init__.py", line 52, in handle
    data = endpoint(**arguments)
           ^^^^^^^^^^^^^^^^^^^^^
  File "apps/frappe/frappe/api/v1.py", line 40, in handle_rpc_call
    return frappe.handler.handle()
           ^^^^^^^^^^^^^^^^^^^^^^^
  File "apps/frappe/frappe/handler.py", line 53, in handle
    data = execute_cmd(cmd)
           ^^^^^^^^^^^^^^^^
  File "apps/frappe/frappe/handler.py", line 86, in execute_cmd
    return frappe.call(method, **frappe.form_dict)
           ^^^^^^^^^^^^^^^^^^^^^^^^^^^^^^^^^^^^^^^
  File "apps/frappe/frappe/__init__.py", line 1758, in call
    return fn(*args, **newargs)
           ^^^^^^^^^^^^^^^^^^^^
  File "apps/frappe/frappe/utils/typing_validations.py", line 32, in wrapper
    return func(*args, **kwargs)
           ^^^^^^^^^^^^^^^^^^^^^
  File "apps/chatnext_work_connect/chatnext_work_connect/chatnext_work_connect/doctype/recognition_type/recognition_type.py", line 85, in refresh_recognition_entries
    doc._refresh_recognition_entries()
  File "apps/chatnext_work_connect/chatnext_work_connect/chatnext_work_connect/doctype/recognition_type/recognition_type.py", line 70, in _refresh_recognition_entries
    self.save(ignore_permissions=True)
  File "apps/frappe/frappe/model/document.py", line 378, in save
    return self._save(*args, **kwargs)
           ^^^^^^^^^^^^^^^^^^^^^^^^^^^
  File "apps/frappe/frappe/model/document.py", line 408, in _save
    self.check_if_latest()
  File "apps/frappe/frappe/model/document.py", line 867, in check_if_latest
    frappe.msgprint(
  File "apps/frappe/frappe/__init__.py", line 578, in msgprint
    _raise_exception()
  File "apps/frappe/frappe/__init__.py", line 529, in _raise_exception
    raise exc
frappe.exceptions.TimestampMismatchError: Error: Document has been modified after you have opened it (2026-03-06 13:32:48.930222, 2026-03-06 13:32:48.934371). Please refresh to get the latest document.
 @ https://dev.pwhr.in/assets/cn_todo_manager/todoapp/ui-vendor-E5SJIlaq.js:0
[  291531ms] [ERROR] Failed to load resource: the server responded with a status of 417 (EXPECTATION FAILED) @ https://dev.pwhr.in/api/method/chatnext_work_connect.chatnext_work_connect.doctype.recognition_type.recognition_type.refresh_recognition_entries:0
[  291533ms] [ERROR] Traceback (most recent call last):
  File "apps/frappe/frappe/app.py", line 120, in application
    response = frappe.api.handle(request)
               ^^^^^^^^^^^^^^^^^^^^^^^^^^
  File "apps/frappe/frappe/api/__init__.py", line 52, in handle
    data = endpoint(**arguments)
           ^^^^^^^^^^^^^^^^^^^^^
  File "apps/frappe/frappe/api/v1.py", line 40, in handle_rpc_call
    return frappe.handler.handle()
           ^^^^^^^^^^^^^^^^^^^^^^^
  File "apps/frappe/frappe/handler.py", line 53, in handle
    data = execute_cmd(cmd)
           ^^^^^^^^^^^^^^^^
  File "apps/frappe/frappe/handler.py", line 86, in execute_cmd
    return frappe.call(method, **frappe.form_dict)
           ^^^^^^^^^^^^^^^^^^^^^^^^^^^^^^^^^^^^^^^
  File "apps/frappe/frappe/__init__.py", line 1758, in call
    return fn(*args, **newargs)
           ^^^^^^^^^^^^^^^^^^^^
  File "apps/frappe/frappe/utils/typing_validations.py", line 32, in wrapper
    return func(*args, **kwargs)
           ^^^^^^^^^^^^^^^^^^^^^
  File "apps/chatnext_work_connect/chatnext_work_connect/chatnext_work_connect/doctype/recognition_type/recognition_type.py", line 85, in refresh_recognition_entries
    doc._refresh_recognition_entries()
  File "apps/chatnext_work_connect/chatnext_work_connect/chatnext_work_connect/doctype/recognition_type/recognition_type.py", line 70, in _refresh_recognition_entries
    self.save(ignore_permissions=True)
  File "apps/frappe/frappe/model/document.py", line 378, in save
    return self._save(*args, **kwargs)
           ^^^^^^^^^^^^^^^^^^^^^^^^^^^
  File "apps/frappe/frappe/model/document.py", line 408, in _save
    self.check_if_latest()
  File "apps/frappe/frappe/model/document.py", line 867, in check_if_latest
    frappe.msgprint(
  File "apps/frappe/frappe/__init__.py", line 578, in msgprint
    _raise_exception()
  File "apps/frappe/frappe/__init__.py", line 529, in _raise_exception
    raise exc
frappe.exceptions.TimestampMismatchError: Error: Document has been modified after you have opened it (2026-03-06 13:32:52.721969, 2026-03-06 13:32:52.726502). Please refresh to get the latest document.
 @ https://dev.pwhr.in/assets/cn_todo_manager/todoapp/ui-vendor-E5SJIlaq.js:0
[  293667ms] [ERROR] Failed to load resource: the server responded with a status of 417 (EXPECTATION FAILED) @ https://dev.pwhr.in/api/method/chatnext_work_connect.chatnext_work_connect.doctype.recognition_type.recognition_type.refresh_recognition_entries:0
[  293669ms] [ERROR] Traceback (most recent call last):
  File "apps/frappe/frappe/app.py", line 120, in application
    response = frappe.api.handle(request)
               ^^^^^^^^^^^^^^^^^^^^^^^^^^
  File "apps/frappe/frappe/api/__init__.py", line 52, in handle
    data = endpoint(**arguments)
           ^^^^^^^^^^^^^^^^^^^^^
  File "apps/frappe/frappe/api/v1.py", line 40, in handle_rpc_call
    return frappe.handler.handle()
           ^^^^^^^^^^^^^^^^^^^^^^^
  File "apps/frappe/frappe/handler.py", line 53, in handle
    data = execute_cmd(cmd)
           ^^^^^^^^^^^^^^^^
  File "apps/frappe/frappe/handler.py", line 86, in execute_cmd
    return frappe.call(method, **frappe.form_dict)
           ^^^^^^^^^^^^^^^^^^^^^^^^^^^^^^^^^^^^^^^
  File "apps/frappe/frappe/__init__.py", line 1758, in call
    return fn(*args, **newargs)
           ^^^^^^^^^^^^^^^^^^^^
  File "apps/frappe/frappe/utils/typing_validations.py", line 32, in wrapper
    return func(*args, **kwargs)
           ^^^^^^^^^^^^^^^^^^^^^
  File "apps/chatnext_work_connect/chatnext_work_connect/chatnext_work_connect/doctype/recognition_type/recognition_type.py", line 85, in refresh_recognition_entries
    doc._refresh_recognition_entries()
  File "apps/chatnext_work_connect/chatnext_work_connect/chatnext_work_connect/doctype/recognition_type/recognition_type.py", line 70, in _refresh_recognition_entries
    self.save(ignore_permissions=True)
  File "apps/frappe/frappe/model/document.py", line 378, in save
    return self._save(*args, **kwargs)
           ^^^^^^^^^^^^^^^^^^^^^^^^^^^
  File "apps/frappe/frappe/model/document.py", line 408, in _save
    self.check_if_latest()
  File "apps/frappe/frappe/model/document.py", line 867, in check_if_latest
    frappe.msgprint(
  File "apps/frappe/frappe/__init__.py", line 578, in msgprint
    _raise_exception()
  File "apps/frappe/frappe/__init__.py", line 529, in _raise_exception
    raise exc
frappe.exceptions.TimestampMismatchError: Error: Document has been modified after you have opened it (2026-03-06 13:32:54.851041, 2026-03-06 13:32:54.858270). Please refresh to get the latest document.
 @ https://dev.pwhr.in/assets/cn_todo_manager/todoapp/ui-vendor-E5SJIlaq.js:0
[  299082ms] [ERROR] Failed to load resource: the server responded with a status of 417 (EXPECTATION FAILED) @ https://dev.pwhr.in/api/method/chatnext_work_connect.chatnext_work_connect.doctype.recognition_type.recognition_type.refresh_recognition_entries:0
[  299084ms] [ERROR] Traceback (most recent call last):
  File "apps/frappe/frappe/app.py", line 120, in application
    response = frappe.api.handle(request)
               ^^^^^^^^^^^^^^^^^^^^^^^^^^
  File "apps/frappe/frappe/api/__init__.py", line 52, in handle
    data = endpoint(**arguments)
           ^^^^^^^^^^^^^^^^^^^^^
  File "apps/frappe/frappe/api/v1.py", line 40, in handle_rpc_call
    return frappe.handler.handle()
           ^^^^^^^^^^^^^^^^^^^^^^^
  File "apps/frappe/frappe/handler.py", line 53, in handle
    data = execute_cmd(cmd)
           ^^^^^^^^^^^^^^^^
  File "apps/frappe/frappe/handler.py", line 86, in execute_cmd
    return frappe.call(method, **frappe.form_dict)
           ^^^^^^^^^^^^^^^^^^^^^^^^^^^^^^^^^^^^^^^
  File "apps/frappe/frappe/__init__.py", line 1758, in call
    return fn(*args, **newargs)
           ^^^^^^^^^^^^^^^^^^^^
  File "apps/frappe/frappe/utils/typing_validations.py", line 32, in wrapper
    return func(*args, **kwargs)
           ^^^^^^^^^^^^^^^^^^^^^
  File "apps/chatnext_work_connect/chatnext_work_connect/chatnext_work_connect/doctype/recognition_type/recognition_type.py", line 85, in refresh_recognition_entries
    doc._refresh_recognition_entries()
  File "apps/chatnext_work_connect/chatnext_work_connect/chatnext_work_connect/doctype/recognition_type/recognition_type.py", line 70, in _refresh_recognition_entries
    self.save(ignore_permissions=True)
  File "apps/frappe/frappe/model/document.py", line 378, in save
    return self._save(*args, **kwargs)
           ^^^^^^^^^^^^^^^^^^^^^^^^^^^
  File "apps/frappe/frappe/model/document.py", line 408, in _save
    self.check_if_latest()
  File "apps/frappe/frappe/model/document.py", line 867, in check_if_latest
    frappe.msgprint(
  File "apps/frappe/frappe/__init__.py", line 578, in msgprint
    _raise_exception()
  File "apps/frappe/frappe/__init__.py", line 529, in _raise_exception
    raise exc
frappe.exceptions.TimestampMismatchError: Error: Document has been modified after you have opened it (2026-03-06 13:33:00.270577, 2026-03-06 13:33:00.270594). Please refresh to get the latest document.
 @ https://dev.pwhr.in/assets/cn_todo_manager/todoapp/ui-vendor-E5SJIlaq.js:0
[  363763ms] [ERROR] Failed to load resource: the server responded with a status of 417 (EXPECTATION FAILED) @ https://dev.pwhr.in/api/method/chatnext_work_connect.chatnext_work_connect.doctype.recognition_type.recognition_type.refresh_recognition_entries:0
[  363765ms] [ERROR] Traceback (most recent call last):
  File "apps/frappe/frappe/app.py", line 120, in application
    response = frappe.api.handle(request)
               ^^^^^^^^^^^^^^^^^^^^^^^^^^
  File "apps/frappe/frappe/api/__init__.py", line 52, in handle
    data = endpoint(**arguments)
           ^^^^^^^^^^^^^^^^^^^^^
  File "apps/frappe/frappe/api/v1.py", line 40, in handle_rpc_call
    return frappe.handler.handle()
           ^^^^^^^^^^^^^^^^^^^^^^^
  File "apps/frappe/frappe/handler.py", line 53, in handle
    data = execute_cmd(cmd)
           ^^^^^^^^^^^^^^^^
  File "apps/frappe/frappe/handler.py", line 86, in execute_cmd
    return frappe.call(method, **frappe.form_dict)
           ^^^^^^^^^^^^^^^^^^^^^^^^^^^^^^^^^^^^^^^
  File "apps/frappe/frappe/__init__.py", line 1758, in call
    return fn(*args, **newargs)
           ^^^^^^^^^^^^^^^^^^^^
  File "apps/frappe/frappe/utils/typing_validations.py", line 32, in wrapper
    return func(*args, **kwargs)
           ^^^^^^^^^^^^^^^^^^^^^
  File "apps/chatnext_work_connect/chatnext_work_connect/chatnext_work_connect/doctype/recognition_type/recognition_type.py", line 85, in refresh_recognition_entries
    doc._refresh_recognition_entries()
  File "apps/chatnext_work_connect/chatnext_work_connect/chatnext_work_connect/doctype/recognition_type/recognition_type.py", line 70, in _refresh_recognition_entries
    self.save(ignore_permissions=True)
  File "apps/frappe/frappe/model/document.py", line 378, in save
    return self._save(*args, **kwargs)
           ^^^^^^^^^^^^^^^^^^^^^^^^^^^
  File "apps/frappe/frappe/model/document.py", line 408, in _save
    self.check_if_latest()
  File "apps/frappe/frappe/model/document.py", line 867, in check_if_latest
    frappe.msgprint(
  File "apps/frappe/frappe/__init__.py", line 578, in msgprint
    _raise_exception()
  File "apps/frappe/frappe/__init__.py", line 529, in _raise_exception
    raise exc
frappe.exceptions.TimestampMismatchError: Error: Document has been modified after you have opened it (2026-03-06 13:34:04.949308, 2026-03-06 13:34:04.955126). Please refresh to get the latest document.
 @ https://dev.pwhr.in/assets/cn_todo_manager/todoapp/ui-vendor-E5SJIlaq.js:0
[  367091ms] [ERROR] Failed to load resource: the server responded with a status of 417 (EXPECTATION FAILED) @ https://dev.pwhr.in/api/method/chatnext_work_connect.chatnext_work_connect.doctype.recognition_type.recognition_type.refresh_recognition_entries:0
[  367093ms] [ERROR] Traceback (most recent call last):
  File "apps/frappe/frappe/app.py", line 120, in application
    response = frappe.api.handle(request)
               ^^^^^^^^^^^^^^^^^^^^^^^^^^
  File "apps/frappe/frappe/api/__init__.py", line 52, in handle
    data = endpoint(**arguments)
           ^^^^^^^^^^^^^^^^^^^^^
  File "apps/frappe/frappe/api/v1.py", line 40, in handle_rpc_call
    return frappe.handler.handle()
           ^^^^^^^^^^^^^^^^^^^^^^^
  File "apps/frappe/frappe/handler.py", line 53, in handle
    data = execute_cmd(cmd)
           ^^^^^^^^^^^^^^^^
  File "apps/frappe/frappe/handler.py", line 86, in execute_cmd
    return frappe.call(method, **frappe.form_dict)
           ^^^^^^^^^^^^^^^^^^^^^^^^^^^^^^^^^^^^^^^
  File "apps/frappe/frappe/__init__.py", line 1758, in call
    return fn(*args, **newargs)
           ^^^^^^^^^^^^^^^^^^^^
  File "apps/frappe/frappe/utils/typing_validations.py", line 32, in wrapper
    return func(*args, **kwargs)
           ^^^^^^^^^^^^^^^^^^^^^
  File "apps/chatnext_work_connect/chatnext_work_connect/chatnext_work_connect/doctype/recognition_type/recognition_type.py", line 85, in refresh_recognition_entries
    doc._refresh_recognition_entries()
  File "apps/chatnext_work_connect/chatnext_work_connect/chatnext_work_connect/doctype/recognition_type/recognition_type.py", line 70, in _refresh_recognition_entries
    self.save(ignore_permissions=True)
  File "apps/frappe/frappe/model/document.py", line 378, in save
    return self._save(*args, **kwargs)
           ^^^^^^^^^^^^^^^^^^^^^^^^^^^
  File "apps/frappe/frappe/model/document.py", line 408, in _save
    self.check_if_latest()
  File "apps/frappe/frappe/model/document.py", line 867, in check_if_latest
    frappe.msgprint(
  File "apps/frappe/frappe/__init__.py", line 578, in msgprint
    _raise_exception()
  File "apps/frappe/frappe/__init__.py", line 529, in _raise_exception
    raise exc
frappe.exceptions.TimestampMismatchError: Error: Document has been modified after you have opened it (2026-03-06 13:34:08.276073, 2026-03-06 13:34:08.284324). Please refresh to get the latest document.
 @ https://dev.pwhr.in/assets/cn_todo_manager/todoapp/ui-vendor-E5SJIlaq.js:0
[  369194ms] [ERROR] Failed to load resource: the server responded with a status of 417 (EXPECTATION FAILED) @ https://dev.pwhr.in/api/method/chatnext_work_connect.chatnext_work_connect.doctype.recognition_type.recognition_type.refresh_recognition_entries:0
[  369195ms] [ERROR] Traceback (most recent call last):
  File "apps/frappe/frappe/app.py", line 120, in application
    response = frappe.api.handle(request)
               ^^^^^^^^^^^^^^^^^^^^^^^^^^
  File "apps/frappe/frappe/api/__init__.py", line 52, in handle
    data = endpoint(**arguments)
           ^^^^^^^^^^^^^^^^^^^^^
  File "apps/frappe/frappe/api/v1.py", line 40, in handle_rpc_call
    return frappe.handler.handle()
           ^^^^^^^^^^^^^^^^^^^^^^^
  File "apps/frappe/frappe/handler.py", line 53, in handle
    data = execute_cmd(cmd)
           ^^^^^^^^^^^^^^^^
  File "apps/frappe/frappe/handler.py", line 86, in execute_cmd
    return frappe.call(method, **frappe.form_dict)
           ^^^^^^^^^^^^^^^^^^^^^^^^^^^^^^^^^^^^^^^
  File "apps/frappe/frappe/__init__.py", line 1758, in call
    return fn(*args, **newargs)
           ^^^^^^^^^^^^^^^^^^^^
  File "apps/frappe/frappe/utils/typing_validations.py", line 32, in wrapper
    return func(*args, **kwargs)
           ^^^^^^^^^^^^^^^^^^^^^
  File "apps/chatnext_work_connect/chatnext_work_connect/chatnext_work_connect/doctype/recognition_type/recognition_type.py", line 85, in refresh_recognition_entries
    doc._refresh_recognition_entries()
  File "apps/chatnext_work_connect/chatnext_work_connect/chatnext_work_connect/doctype/recognition_type/recognition_type.py", line 70, in _refresh_recognition_entries
    self.save(ignore_permissions=True)
  File "apps/frappe/frappe/model/document.py", line 378, in save
    return self._save(*args, **kwargs)
           ^^^^^^^^^^^^^^^^^^^^^^^^^^^
  File "apps/frappe/frappe/model/document.py", line 408, in _save
    self.check_if_latest()
  File "apps/frappe/frappe/model/document.py", line 867, in check_if_latest
    frappe.msgprint(
  File "apps/frappe/frappe/__init__.py", line 578, in msgprint
    _raise_exception()
  File "apps/frappe/frappe/__init__.py", line 529, in _raise_exception
    raise exc
frappe.exceptions.TimestampMismatchError: Error: Document has been modified after you have opened it (2026-03-06 13:34:10.391097, 2026-03-06 13:34:10.395914). Please refresh to get the latest document.
 @ https://dev.pwhr.in/assets/cn_todo_manager/todoapp/ui-vendor-E5SJIlaq.js:0
[  372374ms] [ERROR] Failed to load resource: the server responded with a status of 417 (EXPECTATION FAILED) @ https://dev.pwhr.in/api/method/chatnext_work_connect.chatnext_work_connect.doctype.recognition_type.recognition_type.refresh_recognition_entries:0
[  372379ms] [ERROR] Traceback (most recent call last):
  File "apps/frappe/frappe/app.py", line 120, in application
    response = frappe.api.handle(request)
               ^^^^^^^^^^^^^^^^^^^^^^^^^^
  File "apps/frappe/frappe/api/__init__.py", line 52, in handle
    data = endpoint(**arguments)
           ^^^^^^^^^^^^^^^^^^^^^
  File "apps/frappe/frappe/api/v1.py", line 40, in handle_rpc_call
    return frappe.handler.handle()
           ^^^^^^^^^^^^^^^^^^^^^^^
  File "apps/frappe/frappe/handler.py", line 53, in handle
    data = execute_cmd(cmd)
           ^^^^^^^^^^^^^^^^
  File "apps/frappe/frappe/handler.py", line 86, in execute_cmd
    return frappe.call(method, **frappe.form_dict)
           ^^^^^^^^^^^^^^^^^^^^^^^^^^^^^^^^^^^^^^^
  File "apps/frappe/frappe/__init__.py", line 1758, in call
    return fn(*args, **newargs)
           ^^^^^^^^^^^^^^^^^^^^
  File "apps/frappe/frappe/utils/typing_validations.py", line 32, in wrapper
    return func(*args, **kwargs)
           ^^^^^^^^^^^^^^^^^^^^^
  File "apps/chatnext_work_connect/chatnext_work_connect/chatnext_work_connect/doctype/recognition_type/recognition_type.py", line 85, in refresh_recognition_entries
    doc._refresh_recognition_entries()
  File "apps/chatnext_work_connect/chatnext_work_connect/chatnext_work_connect/doctype/recognition_type/recognition_type.py", line 70, in _refresh_recognition_entries
    self.save(ignore_permissions=True)
  File "apps/frappe/frappe/model/document.py", line 378, in save
    return self._save(*args, **kwargs)
           ^^^^^^^^^^^^^^^^^^^^^^^^^^^
  File "apps/frappe/frappe/model/document.py", line 408, in _save
    self.check_if_latest()
  File "apps/frappe/frappe/model/document.py", line 867, in check_if_latest
    frappe.msgprint(
  File "apps/frappe/frappe/__init__.py", line 578, in msgprint
    _raise_exception()
  File "apps/frappe/frappe/__init__.py", line 529, in _raise_exception
    raise exc
frappe.exceptions.TimestampMismatchError: Error: Document has been modified after you have opened it (2026-03-06 13:34:13.558168, 2026-03-06 13:34:13.559702). Please refresh to get the latest document.
 @ https://dev.pwhr.in/assets/cn_todo_manager/todoapp/ui-vendor-E5SJIlaq.js:0
[  374591ms] [ERROR] Failed to load resource: the server responded with a status of 417 (EXPECTATION FAILED) @ https://dev.pwhr.in/api/method/chatnext_work_connect.chatnext_work_connect.doctype.recognition_type.recognition_type.refresh_recognition_entries:0
[  374593ms] [ERROR] Traceback (most recent call last):
  File "apps/frappe/frappe/app.py", line 120, in application
    response = frappe.api.handle(request)
               ^^^^^^^^^^^^^^^^^^^^^^^^^^
  File "apps/frappe/frappe/api/__init__.py", line 52, in handle
    data = endpoint(**arguments)
           ^^^^^^^^^^^^^^^^^^^^^
  File "apps/frappe/frappe/api/v1.py", line 40, in handle_rpc_call
    return frappe.handler.handle()
           ^^^^^^^^^^^^^^^^^^^^^^^
  File "apps/frappe/frappe/handler.py", line 53, in handle
    data = execute_cmd(cmd)
           ^^^^^^^^^^^^^^^^
  File "apps/frappe/frappe/handler.py", line 86, in execute_cmd
    return frappe.call(method, **frappe.form_dict)
           ^^^^^^^^^^^^^^^^^^^^^^^^^^^^^^^^^^^^^^^
  File "apps/frappe/frappe/__init__.py", line 1758, in call
    return fn(*args, **newargs)
           ^^^^^^^^^^^^^^^^^^^^
  File "apps/frappe/frappe/utils/typing_validations.py", line 32, in wrapper
    return func(*args, **kwargs)
           ^^^^^^^^^^^^^^^^^^^^^
  File "apps/chatnext_work_connect/chatnext_work_connect/chatnext_work_connect/doctype/recognition_type/recognition_type.py", line 85, in refresh_recognition_entries
    doc._refresh_recognition_entries()
  File "apps/chatnext_work_connect/chatnext_work_connect/chatnext_work_connect/doctype/recognition_type/recognition_type.py", line 70, in _refresh_recognition_entries
    self.save(ignore_permissions=True)
  File "apps/frappe/frappe/model/document.py", line 378, in save
    return self._save(*args, **kwargs)
           ^^^^^^^^^^^^^^^^^^^^^^^^^^^
  File "apps/frappe/frappe/model/document.py", line 408, in _save
    self.check_if_latest()
  File "apps/frappe/frappe/model/document.py", line 867, in check_if_latest
    frappe.msgprint(
  File "apps/frappe/frappe/__init__.py", line 578, in msgprint
    _raise_exception()
  File "apps/frappe/frappe/__init__.py", line 529, in _raise_exception
    raise exc
frappe.exceptions.TimestampMismatchError: Error: Document has been modified after you have opened it (2026-03-06 13:34:15.788824, 2026-03-06 13:34:15.791285). Please refresh to get the latest document.
 @ https://dev.pwhr.in/assets/cn_todo_manager/todoapp/ui-vendor-E5SJIlaq.js:0
[  378849ms] [ERROR] Failed to load resource: the server responded with a status of 417 (EXPECTATION FAILED) @ https://dev.pwhr.in/api/method/chatnext_work_connect.chatnext_work_connect.doctype.recognition_type.recognition_type.refresh_recognition_entries:0
[  378863ms] [ERROR] Traceback (most recent call last):
  File "apps/frappe/frappe/app.py", line 120, in application
    response = frappe.api.handle(request)
               ^^^^^^^^^^^^^^^^^^^^^^^^^^
  File "apps/frappe/frappe/api/__init__.py", line 52, in handle
    data = endpoint(**arguments)
           ^^^^^^^^^^^^^^^^^^^^^
  File "apps/frappe/frappe/api/v1.py", line 40, in handle_rpc_call
    return frappe.handler.handle()
           ^^^^^^^^^^^^^^^^^^^^^^^
  File "apps/frappe/frappe/handler.py", line 53, in handle
    data = execute_cmd(cmd)
           ^^^^^^^^^^^^^^^^
  File "apps/frappe/frappe/handler.py", line 86, in execute_cmd
    return frappe.call(method, **frappe.form_dict)
           ^^^^^^^^^^^^^^^^^^^^^^^^^^^^^^^^^^^^^^^
  File "apps/frappe/frappe/__init__.py", line 1758, in call
    return fn(*args, **newargs)
           ^^^^^^^^^^^^^^^^^^^^
  File "apps/frappe/frappe/utils/typing_validations.py", line 32, in wrapper
    return func(*args, **kwargs)
           ^^^^^^^^^^^^^^^^^^^^^
  File "apps/chatnext_work_connect/chatnext_work_connect/chatnext_work_connect/doctype/recognition_type/recognition_type.py", line 85, in refresh_recognition_entries
    doc._refresh_recognition_entries()
  File "apps/chatnext_work_connect/chatnext_work_connect/chatnext_work_connect/doctype/recognition_type/recognition_type.py", line 70, in _refresh_recognition_entries
    self.save(ignore_permissions=True)
  File "apps/frappe/frappe/model/document.py", line 378, in save
    return self._save(*args, **kwargs)
           ^^^^^^^^^^^^^^^^^^^^^^^^^^^
  File "apps/frappe/frappe/model/document.py", line 408, in _save
    self.check_if_latest()
  File "apps/frappe/frappe/model/document.py", line 867, in check_if_latest
    frappe.msgprint(
  File "apps/frappe/frappe/__init__.py", line 578, in msgprint
    _raise_exception()
  File "apps/frappe/frappe/__init__.py", line 529, in _raise_exception
    raise exc
frappe.exceptions.TimestampMismatchError: Error: Document has been modified after you have opened it (2026-03-06 13:34:20.022807, 2026-03-06 13:34:20.027905). Please refresh to get the latest document.
 @ https://dev.pwhr.in/assets/cn_todo_manager/todoapp/ui-vendor-E5SJIlaq.js:0
[  382303ms] [ERROR] Failed to load resource: the server responded with a status of 417 (EXPECTATION FAILED) @ https://dev.pwhr.in/api/method/chatnext_work_connect.chatnext_work_connect.doctype.recognition_type.recognition_type.refresh_recognition_entries:0
[  382306ms] [ERROR] Traceback (most recent call last):
  File "apps/frappe/frappe/app.py", line 120, in application
    response = frappe.api.handle(request)
               ^^^^^^^^^^^^^^^^^^^^^^^^^^
  File "apps/frappe/frappe/api/__init__.py", line 52, in handle
    data = endpoint(**arguments)
           ^^^^^^^^^^^^^^^^^^^^^
  File "apps/frappe/frappe/api/v1.py", line 40, in handle_rpc_call
    return frappe.handler.handle()
           ^^^^^^^^^^^^^^^^^^^^^^^
  File "apps/frappe/frappe/handler.py", line 53, in handle
    data = execute_cmd(cmd)
           ^^^^^^^^^^^^^^^^
  File "apps/frappe/frappe/handler.py", line 86, in execute_cmd
    return frappe.call(method, **frappe.form_dict)
           ^^^^^^^^^^^^^^^^^^^^^^^^^^^^^^^^^^^^^^^
  File "apps/frappe/frappe/__init__.py", line 1758, in call
    return fn(*args, **newargs)
           ^^^^^^^^^^^^^^^^^^^^
  File "apps/frappe/frappe/utils/typing_validations.py", line 32, in wrapper
    return func(*args, **kwargs)
           ^^^^^^^^^^^^^^^^^^^^^
  File "apps/chatnext_work_connect/chatnext_work_connect/chatnext_work_connect/doctype/recognition_type/recognition_type.py", line 85, in refresh_recognition_entries
    doc._refresh_recognition_entries()
  File "apps/chatnext_work_connect/chatnext_work_connect/chatnext_work_connect/doctype/recognition_type/recognition_type.py", line 70, in _refresh_recognition_entries
    self.save(ignore_permissions=True)
  File "apps/frappe/frappe/model/document.py", line 378, in save
    return self._save(*args, **kwargs)
           ^^^^^^^^^^^^^^^^^^^^^^^^^^^
  File "apps/frappe/frappe/model/document.py", line 408, in _save
    self.check_if_latest()
  File "apps/frappe/frappe/model/document.py", line 867, in check_if_latest
    frappe.msgprint(
  File "apps/frappe/frappe/__init__.py", line 578, in msgprint
    _raise_exception()
  File "apps/frappe/frappe/__init__.py", line 529, in _raise_exception
    raise exc
frappe.exceptions.TimestampMismatchError: Error: Document has been modified after you have opened it (2026-03-06 13:34:23.426764, 2026-03-06 13:34:23.431869). Please refresh to get the latest document.
 @ https://dev.pwhr.in/assets/cn_todo_manager/todoapp/ui-vendor-E5SJIlaq.js:0
[  384408ms] [ERROR] Failed to load resource: the server responded with a status of 417 (EXPECTATION FAILED) @ https://dev.pwhr.in/api/method/chatnext_work_connect.chatnext_work_connect.doctype.recognition_type.recognition_type.refresh_recognition_entries:0
[  384409ms] [ERROR] Traceback (most recent call last):
  File "apps/frappe/frappe/app.py", line 120, in application
    response = frappe.api.handle(request)
               ^^^^^^^^^^^^^^^^^^^^^^^^^^
  File "apps/frappe/frappe/api/__init__.py", line 52, in handle
    data = endpoint(**arguments)
           ^^^^^^^^^^^^^^^^^^^^^
  File "apps/frappe/frappe/api/v1.py", line 40, in handle_rpc_call
    return frappe.handler.handle()
           ^^^^^^^^^^^^^^^^^^^^^^^
  File "apps/frappe/frappe/handler.py", line 53, in handle
    data = execute_cmd(cmd)
           ^^^^^^^^^^^^^^^^
  File "apps/frappe/frappe/handler.py", line 86, in execute_cmd
    return frappe.call(method, **frappe.form_dict)
           ^^^^^^^^^^^^^^^^^^^^^^^^^^^^^^^^^^^^^^^
  File "apps/frappe/frappe/__init__.py", line 1758, in call
    return fn(*args, **newargs)
           ^^^^^^^^^^^^^^^^^^^^
  File "apps/frappe/frappe/utils/typing_validations.py", line 32, in wrapper
    return func(*args, **kwargs)
           ^^^^^^^^^^^^^^^^^^^^^
  File "apps/chatnext_work_connect/chatnext_work_connect/chatnext_work_connect/doctype/recognition_type/recognition_type.py", line 85, in refresh_recognition_entries
    doc._refresh_recognition_entries()
  File "apps/chatnext_work_connect/chatnext_work_connect/chatnext_work_connect/doctype/recognition_type/recognition_type.py", line 70, in _refresh_recognition_entries
    self.save(ignore_permissions=True)
  File "apps/frappe/frappe/model/document.py", line 378, in save
    return self._save(*args, **kwargs)
           ^^^^^^^^^^^^^^^^^^^^^^^^^^^
  File "apps/frappe/frappe/model/document.py", line 408, in _save
    self.check_if_latest()
  File "apps/frappe/frappe/model/document.py", line 867, in check_if_latest
    frappe.msgprint(
  File "apps/frappe/frappe/__init__.py", line 578, in msgprint
    _raise_exception()
  File "apps/frappe/frappe/__init__.py", line 529, in _raise_exception
    raise exc
frappe.exceptions.TimestampMismatchError: Error: Document has been modified after you have opened it (2026-03-06 13:34:25.594681, 2026-03-06 13:34:25.600534). Please refresh to get the latest document.
 @ https://dev.pwhr.in/assets/cn_todo_manager/todoapp/ui-vendor-E5SJIlaq.js:0
[  394389ms] [ERROR] Failed to load resource: the server responded with a status of 417 (EXPECTATION FAILED) @ https://dev.pwhr.in/api/method/chatnext_work_connect.chatnext_work_connect.doctype.recognition_type.recognition_type.refresh_recognition_entries:0
[  394392ms] [ERROR] Traceback (most recent call last):
  File "apps/frappe/frappe/app.py", line 120, in application
    response = frappe.api.handle(request)
               ^^^^^^^^^^^^^^^^^^^^^^^^^^
  File "apps/frappe/frappe/api/__init__.py", line 52, in handle
    data = endpoint(**arguments)
           ^^^^^^^^^^^^^^^^^^^^^
  File "apps/frappe/frappe/api/v1.py", line 40, in handle_rpc_call
    return frappe.handler.handle()
           ^^^^^^^^^^^^^^^^^^^^^^^
  File "apps/frappe/frappe/handler.py", line 53, in handle
    data = execute_cmd(cmd)
           ^^^^^^^^^^^^^^^^
  File "apps/frappe/frappe/handler.py", line 86, in execute_cmd
    return frappe.call(method, **frappe.form_dict)
           ^^^^^^^^^^^^^^^^^^^^^^^^^^^^^^^^^^^^^^^
  File "apps/frappe/frappe/__init__.py", line 1758, in call
    return fn(*args, **newargs)
           ^^^^^^^^^^^^^^^^^^^^
  File "apps/frappe/frappe/utils/typing_validations.py", line 32, in wrapper
    return func(*args, **kwargs)
           ^^^^^^^^^^^^^^^^^^^^^
  File "apps/chatnext_work_connect/chatnext_work_connect/chatnext_work_connect/doctype/recognition_type/recognition_type.py", line 85, in refresh_recognition_entries
    doc._refresh_recognition_entries()
  File "apps/chatnext_work_connect/chatnext_work_connect/chatnext_work_connect/doctype/recognition_type/recognition_type.py", line 70, in _refresh_recognition_entries
    self.save(ignore_permissions=True)
  File "apps/frappe/frappe/model/document.py", line 378, in save
    return self._save(*args, **kwargs)
           ^^^^^^^^^^^^^^^^^^^^^^^^^^^
  File "apps/frappe/frappe/model/document.py", line 408, in _save
    self.check_if_latest()
  File "apps/frappe/frappe/model/document.py", line 867, in check_if_latest
    frappe.msgprint(
  File "apps/frappe/frappe/__init__.py", line 578, in msgprint
    _raise_exception()
  File "apps/frappe/frappe/__init__.py", line 529, in _raise_exception
    raise exc
frappe.exceptions.TimestampMismatchError: Error: Document has been modified after you have opened it (2026-03-06 13:34:35.504391, 2026-03-06 13:34:35.512509). Please refresh to get the latest document.
 @ https://dev.pwhr.in/assets/cn_todo_manager/todoapp/ui-vendor-E5SJIlaq.js:0
[  396486ms] [ERROR] Failed to load resource: the server responded with a status of 417 (EXPECTATION FAILED) @ https://dev.pwhr.in/api/method/chatnext_work_connect.chatnext_work_connect.doctype.recognition_type.recognition_type.refresh_recognition_entries:0
[  396488ms] [ERROR] Traceback (most recent call last):
  File "apps/frappe/frappe/app.py", line 120, in application
    response = frappe.api.handle(request)
               ^^^^^^^^^^^^^^^^^^^^^^^^^^
  File "apps/frappe/frappe/api/__init__.py", line 52, in handle
    data = endpoint(**arguments)
           ^^^^^^^^^^^^^^^^^^^^^
  File "apps/frappe/frappe/api/v1.py", line 40, in handle_rpc_call
    return frappe.handler.handle()
           ^^^^^^^^^^^^^^^^^^^^^^^
  File "apps/frappe/frappe/handler.py", line 53, in handle
    data = execute_cmd(cmd)
           ^^^^^^^^^^^^^^^^
  File "apps/frappe/frappe/handler.py", line 86, in execute_cmd
    return frappe.call(method, **frappe.form_dict)
           ^^^^^^^^^^^^^^^^^^^^^^^^^^^^^^^^^^^^^^^
  File "apps/frappe/frappe/__init__.py", line 1758, in call
    return fn(*args, **newargs)
           ^^^^^^^^^^^^^^^^^^^^
  File "apps/frappe/frappe/utils/typing_validations.py", line 32, in wrapper
    return func(*args, **kwargs)
           ^^^^^^^^^^^^^^^^^^^^^
  File "apps/chatnext_work_connect/chatnext_work_connect/chatnext_work_connect/doctype/recognition_type/recognition_type.py", line 85, in refresh_recognition_entries
    doc._refresh_recognition_entries()
  File "apps/chatnext_work_connect/chatnext_work_connect/chatnext_work_connect/doctype/recognition_type/recognition_type.py", line 70, in _refresh_recognition_entries
    self.save(ignore_permissions=True)
  File "apps/frappe/frappe/model/document.py", line 378, in save
    return self._save(*args, **kwargs)
           ^^^^^^^^^^^^^^^^^^^^^^^^^^^
  File "apps/frappe/frappe/model/document.py", line 408, in _save
    self.check_if_latest()
  File "apps/frappe/frappe/model/document.py", line 867, in check_if_latest
    frappe.msgprint(
  File "apps/frappe/frappe/__init__.py", line 578, in msgprint
    _raise_exception()
  File "apps/frappe/frappe/__init__.py", line 529, in _raise_exception
    raise exc
frappe.exceptions.TimestampMismatchError: Error: Document has been modified after you have opened it (2026-03-06 13:34:37.683731, 2026-03-06 13:34:37.688728). Please refresh to get the latest document.
 @ https://dev.pwhr.in/assets/cn_todo_manager/todoapp/ui-vendor-E5SJIlaq.js:0
[  396640ms] [WARNING] Blocked aria-hidden on an element because its descendant retained focus. The focus must not be hidden from assistive technology users. Avoid using aria-hidden on a focused element or its ancestor. Consider using the inert attribute instead, which will also prevent focus. For more details, see the aria-hidden section of the WAI-ARIA specification at https://w3c.github.io/aria/#aria-hidden.
Element with focus: <div.modal fade>
Ancestor with aria-hidden: <div.modal fade> @ https://dev.pwhr.in/app/recognition-type/RISING-STAR-BADGE:0
[  398697ms] [ERROR] Failed to load resource: the server responded with a status of 417 (EXPECTATION FAILED) @ https://dev.pwhr.in/api/method/chatnext_work_connect.chatnext_work_connect.doctype.recognition_type.recognition_type.refresh_recognition_entries:0
[  398699ms] [ERROR] Traceback (most recent call last):
  File "apps/frappe/frappe/app.py", line 120, in application
    response = frappe.api.handle(request)
               ^^^^^^^^^^^^^^^^^^^^^^^^^^
  File "apps/frappe/frappe/api/__init__.py", line 52, in handle
    data = endpoint(**arguments)
           ^^^^^^^^^^^^^^^^^^^^^
  File "apps/frappe/frappe/api/v1.py", line 40, in handle_rpc_call
    return frappe.handler.handle()
           ^^^^^^^^^^^^^^^^^^^^^^^
  File "apps/frappe/frappe/handler.py", line 53, in handle
    data = execute_cmd(cmd)
           ^^^^^^^^^^^^^^^^
  File "apps/frappe/frappe/handler.py", line 86, in execute_cmd
    return frappe.call(method, **frappe.form_dict)
           ^^^^^^^^^^^^^^^^^^^^^^^^^^^^^^^^^^^^^^^
  File "apps/frappe/frappe/__init__.py", line 1758, in call
    return fn(*args, **newargs)
           ^^^^^^^^^^^^^^^^^^^^
  File "apps/frappe/frappe/utils/typing_validations.py", line 32, in wrapper
    return func(*args, **kwargs)
           ^^^^^^^^^^^^^^^^^^^^^
  File "apps/chatnext_work_connect/chatnext_work_connect/chatnext_work_connect/doctype/recognition_type/recognition_type.py", line 85, in refresh_recognition_entries
    doc._refresh_recognition_entries()
  File "apps/chatnext_work_connect/chatnext_work_connect/chatnext_work_connect/doctype/recognition_type/recognition_type.py", line 70, in _refresh_recognition_entries
    self.save(ignore_permissions=True)
  File "apps/frappe/frappe/model/document.py", line 378, in save
    return self._save(*args, **kwargs)
           ^^^^^^^^^^^^^^^^^^^^^^^^^^^
  File "apps/frappe/frappe/model/document.py", line 408, in _save
    self.check_if_latest()
  File "apps/frappe/frappe/model/document.py", line 867, in check_if_latest
    frappe.msgprint(
  File "apps/frappe/frappe/__init__.py", line 578, in msgprint
    _raise_exception()
  File "apps/frappe/frappe/__init__.py", line 529, in _raise_exception
    raise exc
frappe.exceptions.TimestampMismatchError: Error: Document has been modified after you have opened it (2026-03-06 13:34:39.874299, 2026-03-06 13:34:39.882843). Please refresh to get the latest document.
 @ https://dev.pwhr.in/assets/cn_todo_manager/todoapp/ui-vendor-E5SJIlaq.js:0
[  400842ms] [ERROR] Failed to load resource: the server responded with a status of 417 (EXPECTATION FAILED) @ https://dev.pwhr.in/api/method/chatnext_work_connect.chatnext_work_connect.doctype.recognition_type.recognition_type.refresh_recognition_entries:0
[  400844ms] [ERROR] Traceback (most recent call last):
  File "apps/frappe/frappe/app.py", line 120, in application
    response = frappe.api.handle(request)
               ^^^^^^^^^^^^^^^^^^^^^^^^^^
  File "apps/frappe/frappe/api/__init__.py", line 52, in handle
    data = endpoint(**arguments)
           ^^^^^^^^^^^^^^^^^^^^^
  File "apps/frappe/frappe/api/v1.py", line 40, in handle_rpc_call
    return frappe.handler.handle()
           ^^^^^^^^^^^^^^^^^^^^^^^
  File "apps/frappe/frappe/handler.py", line 53, in handle
    data = execute_cmd(cmd)
           ^^^^^^^^^^^^^^^^
  File "apps/frappe/frappe/handler.py", line 86, in execute_cmd
    return frappe.call(method, **frappe.form_dict)
           ^^^^^^^^^^^^^^^^^^^^^^^^^^^^^^^^^^^^^^^
  File "apps/frappe/frappe/__init__.py", line 1758, in call
    return fn(*args, **newargs)
           ^^^^^^^^^^^^^^^^^^^^
  File "apps/frappe/frappe/utils/typing_validations.py", line 32, in wrapper
    return func(*args, **kwargs)
           ^^^^^^^^^^^^^^^^^^^^^
  File "apps/chatnext_work_connect/chatnext_work_connect/chatnext_work_connect/doctype/recognition_type/recognition_type.py", line 85, in refresh_recognition_entries
    doc._refresh_recognition_entries()
  File "apps/chatnext_work_connect/chatnext_work_connect/chatnext_work_connect/doctype/recognition_type/recognition_type.py", line 70, in _refresh_recognition_entries
    self.save(ignore_permissions=True)
  File "apps/frappe/frappe/model/document.py", line 378, in save
    return self._save(*args, **kwargs)
           ^^^^^^^^^^^^^^^^^^^^^^^^^^^
  File "apps/frappe/frappe/model/document.py", line 408, in _save
    self.check_if_latest()
  File "apps/frappe/frappe/model/document.py", line 867, in check_if_latest
    frappe.msgprint(
  File "apps/frappe/frappe/__init__.py", line 578, in msgprint
    _raise_exception()
  File "apps/frappe/frappe/__init__.py", line 529, in _raise_exception
    raise exc
frappe.exceptions.TimestampMismatchError: Error: Document has been modified after you have opened it (2026-03-06 13:34:42.026051, 2026-03-06 13:34:42.038451). Please refresh to get the latest document.
 @ https://dev.pwhr.in/assets/cn_todo_manager/todoapp/ui-vendor-E5SJIlaq.js:0
[  403095ms] [ERROR] Failed to load resource: the server responded with a status of 417 (EXPECTATION FAILED) @ https://dev.pwhr.in/api/method/chatnext_work_connect.chatnext_work_connect.doctype.recognition_type.recognition_type.refresh_recognition_entries:0
[  403097ms] [ERROR] Traceback (most recent call last):
  File "apps/frappe/frappe/app.py", line 120, in application
    response = frappe.api.handle(request)
               ^^^^^^^^^^^^^^^^^^^^^^^^^^
  File "apps/frappe/frappe/api/__init__.py", line 52, in handle
    data = endpoint(**arguments)
           ^^^^^^^^^^^^^^^^^^^^^
  File "apps/frappe/frappe/api/v1.py", line 40, in handle_rpc_call
    return frappe.handler.handle()
           ^^^^^^^^^^^^^^^^^^^^^^^
  File "apps/frappe/frappe/handler.py", line 53, in handle
    data = execute_cmd(cmd)
           ^^^^^^^^^^^^^^^^
  File "apps/frappe/frappe/handler.py", line 86, in execute_cmd
    return frappe.call(method, **frappe.form_dict)
           ^^^^^^^^^^^^^^^^^^^^^^^^^^^^^^^^^^^^^^^
  File "apps/frappe/frappe/__init__.py", line 1758, in call
    return fn(*args, **newargs)
           ^^^^^^^^^^^^^^^^^^^^
  File "apps/frappe/frappe/utils/typing_validations.py", line 32, in wrapper
    return func(*args, **kwargs)
           ^^^^^^^^^^^^^^^^^^^^^
  File "apps/chatnext_work_connect/chatnext_work_connect/chatnext_work_connect/doctype/recognition_type/recognition_type.py", line 85, in refresh_recognition_entries
    doc._refresh_recognition_entries()
  File "apps/chatnext_work_connect/chatnext_work_connect/chatnext_work_connect/doctype/recognition_type/recognition_type.py", line 70, in _refresh_recognition_entries
    self.save(ignore_permissions=True)
  File "apps/frappe/frappe/model/document.py", line 378, in save
    return self._save(*args, **kwargs)
           ^^^^^^^^^^^^^^^^^^^^^^^^^^^
  File "apps/frappe/frappe/model/document.py", line 408, in _save
    self.check_if_latest()
  File "apps/frappe/frappe/model/document.py", line 867, in check_if_latest
    frappe.msgprint(
  File "apps/frappe/frappe/__init__.py", line 578, in msgprint
    _raise_exception()
  File "apps/frappe/frappe/__init__.py", line 529, in _raise_exception
    raise exc
frappe.exceptions.TimestampMismatchError: Error: Document has been modified after you have opened it (2026-03-06 13:34:44.235377, 2026-03-06 13:34:44.235416). Please refresh to get the latest document.
 @ https://dev.pwhr.in/assets/cn_todo_manager/todoapp/ui-vendor-E5SJIlaq.js:0
[  405317ms] [ERROR] Failed to load resource: the server responded with a status of 417 (EXPECTATION FAILED) @ https://dev.pwhr.in/api/method/chatnext_work_connect.chatnext_work_connect.doctype.recognition_type.recognition_type.refresh_recognition_entries:0
[  405318ms] [ERROR] Traceback (most recent call last):
  File "apps/frappe/frappe/app.py", line 120, in application
    response = frappe.api.handle(request)
               ^^^^^^^^^^^^^^^^^^^^^^^^^^
  File "apps/frappe/frappe/api/__init__.py", line 52, in handle
    data = endpoint(**arguments)
           ^^^^^^^^^^^^^^^^^^^^^
  File "apps/frappe/frappe/api/v1.py", line 40, in handle_rpc_call
    return frappe.handler.handle()
           ^^^^^^^^^^^^^^^^^^^^^^^
  File "apps/frappe/frappe/handler.py", line 53, in handle
    data = execute_cmd(cmd)
           ^^^^^^^^^^^^^^^^
  File "apps/frappe/frappe/handler.py", line 86, in execute_cmd
    return frappe.call(method, **frappe.form_dict)
           ^^^^^^^^^^^^^^^^^^^^^^^^^^^^^^^^^^^^^^^
  File "apps/frappe/frappe/__init__.py", line 1758, in call
    return fn(*args, **newargs)
           ^^^^^^^^^^^^^^^^^^^^
  File "apps/frappe/frappe/utils/typing_validations.py", line 32, in wrapper
    return func(*args, **kwargs)
           ^^^^^^^^^^^^^^^^^^^^^
  File "apps/chatnext_work_connect/chatnext_work_connect/chatnext_work_connect/doctype/recognition_type/recognition_type.py", line 85, in refresh_recognition_entries
    doc._refresh_recognition_entries()
  File "apps/chatnext_work_connect/chatnext_work_connect/chatnext_work_connect/doctype/recognition_type/recognition_type.py", line 70, in _refresh_recognition_entries
    self.save(ignore_permissions=True)
  File "apps/frappe/frappe/model/document.py", line 378, in save
    return self._save(*args, **kwargs)
           ^^^^^^^^^^^^^^^^^^^^^^^^^^^
  File "apps/frappe/frappe/model/document.py", line 408, in _save
    self.check_if_latest()
  File "apps/frappe/frappe/model/document.py", line 867, in check_if_latest
    frappe.msgprint(
  File "apps/frappe/frappe/__init__.py", line 578, in msgprint
    _raise_exception()
  File "apps/frappe/frappe/__init__.py", line 529, in _raise_exception
    raise exc
frappe.exceptions.TimestampMismatchError: Error: Document has been modified after you have opened it (2026-03-06 13:34:46.500721, 2026-03-06 13:34:46.501887). Please refresh to get the latest document.
 @ https://dev.pwhr.in/assets/cn_todo_manager/todoapp/ui-vendor-E5SJIlaq.js:0
[  407425ms] [ERROR] Failed to load resource: the server responded with a status of 417 (EXPECTATION FAILED) @ https://dev.pwhr.in/api/method/chatnext_work_connect.chatnext_work_connect.doctype.recognition_type.recognition_type.refresh_recognition_entries:0
[  407426ms] [ERROR] Traceback (most recent call last):
  File "apps/frappe/frappe/app.py", line 120, in application
    response = frappe.api.handle(request)
               ^^^^^^^^^^^^^^^^^^^^^^^^^^
  File "apps/frappe/frappe/api/__init__.py", line 52, in handle
    data = endpoint(**arguments)
           ^^^^^^^^^^^^^^^^^^^^^
  File "apps/frappe/frappe/api/v1.py", line 40, in handle_rpc_call
    return frappe.handler.handle()
           ^^^^^^^^^^^^^^^^^^^^^^^
  File "apps/frappe/frappe/handler.py", line 53, in handle
    data = execute_cmd(cmd)
           ^^^^^^^^^^^^^^^^
  File "apps/frappe/frappe/handler.py", line 86, in execute_cmd
    return frappe.call(method, **frappe.form_dict)
           ^^^^^^^^^^^^^^^^^^^^^^^^^^^^^^^^^^^^^^^
  File "apps/frappe/frappe/__init__.py", line 1758, in call
    return fn(*args, **newargs)
           ^^^^^^^^^^^^^^^^^^^^
  File "apps/frappe/frappe/utils/typing_validations.py", line 32, in wrapper
    return func(*args, **kwargs)
           ^^^^^^^^^^^^^^^^^^^^^
  File "apps/chatnext_work_connect/chatnext_work_connect/chatnext_work_connect/doctype/recognition_type/recognition_type.py", line 85, in refresh_recognition_entries
    doc._refresh_recognition_entries()
  File "apps/chatnext_work_connect/chatnext_work_connect/chatnext_work_connect/doctype/recognition_type/recognition_type.py", line 70, in _refresh_recognition_entries
    self.save(ignore_permissions=True)
  File "apps/frappe/frappe/model/document.py", line 378, in save
    return self._save(*args, **kwargs)
           ^^^^^^^^^^^^^^^^^^^^^^^^^^^
  File "apps/frappe/frappe/model/document.py", line 408, in _save
    self.check_if_latest()
  File "apps/frappe/frappe/model/document.py", line 867, in check_if_latest
    frappe.msgprint(
  File "apps/frappe/frappe/__init__.py", line 578, in msgprint
    _raise_exception()
  File "apps/frappe/frappe/__init__.py", line 529, in _raise_exception
    raise exc
frappe.exceptions.TimestampMismatchError: Error: Document has been modified after you have opened it (2026-03-06 13:34:48.609274, 2026-03-06 13:34:48.617042). Please refresh to get the latest document.
 @ https://dev.pwhr.in/assets/cn_todo_manager/todoapp/ui-vendor-E5SJIlaq.js:0
[  409521ms] [ERROR] Failed to load resource: the server responded with a status of 417 (EXPECTATION FAILED) @ https://dev.pwhr.in/api/method/chatnext_work_connect.chatnext_work_connect.doctype.recognition_type.recognition_type.refresh_recognition_entries:0
[  409523ms] [ERROR] Traceback (most recent call last):
  File "apps/frappe/frappe/app.py", line 120, in application
    response = frappe.api.handle(request)
               ^^^^^^^^^^^^^^^^^^^^^^^^^^
  File "apps/frappe/frappe/api/__init__.py", line 52, in handle
    data = endpoint(**arguments)
           ^^^^^^^^^^^^^^^^^^^^^
  File "apps/frappe/frappe/api/v1.py", line 40, in handle_rpc_call
    return frappe.handler.handle()
           ^^^^^^^^^^^^^^^^^^^^^^^
  File "apps/frappe/frappe/handler.py", line 53, in handle
    data = execute_cmd(cmd)
           ^^^^^^^^^^^^^^^^
  File "apps/frappe/frappe/handler.py", line 86, in execute_cmd
    return frappe.call(method, **frappe.form_dict)
           ^^^^^^^^^^^^^^^^^^^^^^^^^^^^^^^^^^^^^^^
  File "apps/frappe/frappe/__init__.py", line 1758, in call
    return fn(*args, **newargs)
           ^^^^^^^^^^^^^^^^^^^^
  File "apps/frappe/frappe/utils/typing_validations.py", line 32, in wrapper
    return func(*args, **kwargs)
           ^^^^^^^^^^^^^^^^^^^^^
  File "apps/chatnext_work_connect/chatnext_work_connect/chatnext_work_connect/doctype/recognition_type/recognition_type.py", line 85, in refresh_recognition_entries
    doc._refresh_recognition_entries()
  File "apps/chatnext_work_connect/chatnext_work_connect/chatnext_work_connect/doctype/recognition_type/recognition_type.py", line 70, in _refresh_recognition_entries
    self.save(ignore_permissions=True)
  File "apps/frappe/frappe/model/document.py", line 378, in save
    return self._save(*args, **kwargs)
           ^^^^^^^^^^^^^^^^^^^^^^^^^^^
  File "apps/frappe/frappe/model/document.py", line 408, in _save
    self.check_if_latest()
  File "apps/frappe/frappe/model/document.py", line 867, in check_if_latest
    frappe.msgprint(
  File "apps/frappe/frappe/__init__.py", line 578, in msgprint
    _raise_exception()
  File "apps/frappe/frappe/__init__.py", line 529, in _raise_exception
    raise exc
frappe.exceptions.TimestampMismatchError: Error: Document has been modified after you have opened it (2026-03-06 13:34:50.708196, 2026-03-06 13:34:50.708920). Please refresh to get the latest document.
 @ https://dev.pwhr.in/assets/cn_todo_manager/todoapp/ui-vendor-E5SJIlaq.js:0
[  411616ms] [ERROR] Failed to load resource: the server responded with a status of 417 (EXPECTATION FAILED) @ https://dev.pwhr.in/api/method/chatnext_work_connect.chatnext_work_connect.doctype.recognition_type.recognition_type.refresh_recognition_entries:0
[  411617ms] [ERROR] Traceback (most recent call last):
  File "apps/frappe/frappe/app.py", line 120, in application
    response = frappe.api.handle(request)
               ^^^^^^^^^^^^^^^^^^^^^^^^^^
  File "apps/frappe/frappe/api/__init__.py", line 52, in handle
    data = endpoint(**arguments)
           ^^^^^^^^^^^^^^^^^^^^^
  File "apps/frappe/frappe/api/v1.py", line 40, in handle_rpc_call
    return frappe.handler.handle()
           ^^^^^^^^^^^^^^^^^^^^^^^
  File "apps/frappe/frappe/handler.py", line 53, in handle
    data = execute_cmd(cmd)
           ^^^^^^^^^^^^^^^^
  File "apps/frappe/frappe/handler.py", line 86, in execute_cmd
    return frappe.call(method, **frappe.form_dict)
           ^^^^^^^^^^^^^^^^^^^^^^^^^^^^^^^^^^^^^^^
  File "apps/frappe/frappe/__init__.py", line 1758, in call
    return fn(*args, **newargs)
           ^^^^^^^^^^^^^^^^^^^^
  File "apps/frappe/frappe/utils/typing_validations.py", line 32, in wrapper
    return func(*args, **kwargs)
           ^^^^^^^^^^^^^^^^^^^^^
  File "apps/chatnext_work_connect/chatnext_work_connect/chatnext_work_connect/doctype/recognition_type/recognition_type.py", line 85, in refresh_recognition_entries
    doc._refresh_recognition_entries()
  File "apps/chatnext_work_connect/chatnext_work_connect/chatnext_work_connect/doctype/recognition_type/recognition_type.py", line 70, in _refresh_recognition_entries
    self.save(ignore_permissions=True)
  File "apps/frappe/frappe/model/document.py", line 378, in save
    return self._save(*args, **kwargs)
           ^^^^^^^^^^^^^^^^^^^^^^^^^^^
  File "apps/frappe/frappe/model/document.py", line 408, in _save
    self.check_if_latest()
  File "apps/frappe/frappe/model/document.py", line 867, in check_if_latest
    frappe.msgprint(
  File "apps/frappe/frappe/__init__.py", line 578, in msgprint
    _raise_exception()
  File "apps/frappe/frappe/__init__.py", line 529, in _raise_exception
    raise exc
frappe.exceptions.TimestampMismatchError: Error: Document has been modified after you have opened it (2026-03-06 13:34:52.802238, 2026-03-06 13:34:52.809235). Please refresh to get the latest document.
 @ https://dev.pwhr.in/assets/cn_todo_manager/todoapp/ui-vendor-E5SJIlaq.js:0
[  413727ms] [ERROR] Failed to load resource: the server responded with a status of 417 (EXPECTATION FAILED) @ https://dev.pwhr.in/api/method/chatnext_work_connect.chatnext_work_connect.doctype.recognition_type.recognition_type.refresh_recognition_entries:0
[  413728ms] [ERROR] Traceback (most recent call last):
  File "apps/frappe/frappe/app.py", line 120, in application
    response = frappe.api.handle(request)
               ^^^^^^^^^^^^^^^^^^^^^^^^^^
  File "apps/frappe/frappe/api/__init__.py", line 52, in handle
    data = endpoint(**arguments)
           ^^^^^^^^^^^^^^^^^^^^^
  File "apps/frappe/frappe/api/v1.py", line 40, in handle_rpc_call
    return frappe.handler.handle()
           ^^^^^^^^^^^^^^^^^^^^^^^
  File "apps/frappe/frappe/handler.py", line 53, in handle
    data = execute_cmd(cmd)
           ^^^^^^^^^^^^^^^^
  File "apps/frappe/frappe/handler.py", line 86, in execute_cmd
    return frappe.call(method, **frappe.form_dict)
           ^^^^^^^^^^^^^^^^^^^^^^^^^^^^^^^^^^^^^^^
  File "apps/frappe/frappe/__init__.py", line 1758, in call
    return fn(*args, **newargs)
           ^^^^^^^^^^^^^^^^^^^^
  File "apps/frappe/frappe/utils/typing_validations.py", line 32, in wrapper
    return func(*args, **kwargs)
           ^^^^^^^^^^^^^^^^^^^^^
  File "apps/chatnext_work_connect/chatnext_work_connect/chatnext_work_connect/doctype/recognition_type/recognition_type.py", line 85, in refresh_recognition_entries
    doc._refresh_recognition_entries()
  File "apps/chatnext_work_connect/chatnext_work_connect/chatnext_work_connect/doctype/recognition_type/recognition_type.py", line 70, in _refresh_recognition_entries
    self.save(ignore_permissions=True)
  File "apps/frappe/frappe/model/document.py", line 378, in save
    return self._save(*args, **kwargs)
           ^^^^^^^^^^^^^^^^^^^^^^^^^^^
  File "apps/frappe/frappe/model/document.py", line 408, in _save
    self.check_if_latest()
  File "apps/frappe/frappe/model/document.py", line 867, in check_if_latest
    frappe.msgprint(
  File "apps/frappe/frappe/__init__.py", line 578, in msgprint
    _raise_exception()
  File "apps/frappe/frappe/__init__.py", line 529, in _raise_exception
    raise exc
frappe.exceptions.TimestampMismatchError: Error: Document has been modified after you have opened it (2026-03-06 13:34:54.912369, 2026-03-06 13:34:54.912902). Please refresh to get the latest document.
 @ https://dev.pwhr.in/assets/cn_todo_manager/todoapp/ui-vendor-E5SJIlaq.js:0
[  415834ms] [ERROR] Failed to load resource: the server responded with a status of 417 (EXPECTATION FAILED) @ https://dev.pwhr.in/api/method/chatnext_work_connect.chatnext_work_connect.doctype.recognition_type.recognition_type.refresh_recognition_entries:0
[  415836ms] [ERROR] Traceback (most recent call last):
  File "apps/frappe/frappe/app.py", line 120, in application
    response = frappe.api.handle(request)
               ^^^^^^^^^^^^^^^^^^^^^^^^^^
  File "apps/frappe/frappe/api/__init__.py", line 52, in handle
    data = endpoint(**arguments)
           ^^^^^^^^^^^^^^^^^^^^^
  File "apps/frappe/frappe/api/v1.py", line 40, in handle_rpc_call
    return frappe.handler.handle()
           ^^^^^^^^^^^^^^^^^^^^^^^
  File "apps/frappe/frappe/handler.py", line 53, in handle
    data = execute_cmd(cmd)
           ^^^^^^^^^^^^^^^^
  File "apps/frappe/frappe/handler.py", line 86, in execute_cmd
    return frappe.call(method, **frappe.form_dict)
           ^^^^^^^^^^^^^^^^^^^^^^^^^^^^^^^^^^^^^^^
  File "apps/frappe/frappe/__init__.py", line 1758, in call
    return fn(*args, **newargs)
           ^^^^^^^^^^^^^^^^^^^^
  File "apps/frappe/frappe/utils/typing_validations.py", line 32, in wrapper
    return func(*args, **kwargs)
           ^^^^^^^^^^^^^^^^^^^^^
  File "apps/chatnext_work_connect/chatnext_work_connect/chatnext_work_connect/doctype/recognition_type/recognition_type.py", line 85, in refresh_recognition_entries
    doc._refresh_recognition_entries()
  File "apps/chatnext_work_connect/chatnext_work_connect/chatnext_work_connect/doctype/recognition_type/recognition_type.py", line 70, in _refresh_recognition_entries
    self.save(ignore_permissions=True)
  File "apps/frappe/frappe/model/document.py", line 378, in save
    return self._save(*args, **kwargs)
           ^^^^^^^^^^^^^^^^^^^^^^^^^^^
  File "apps/frappe/frappe/model/document.py", line 408, in _save
    self.check_if_latest()
  File "apps/frappe/frappe/model/document.py", line 867, in check_if_latest
    frappe.msgprint(
  File "apps/frappe/frappe/__init__.py", line 578, in msgprint
    _raise_exception()
  File "apps/frappe/frappe/__init__.py", line 529, in _raise_exception
    raise exc
frappe.exceptions.TimestampMismatchError: Error: Document has been modified after you have opened it (2026-03-06 13:34:57.027413, 2026-03-06 13:34:57.028974). Please refresh to get the latest document.
 @ https://dev.pwhr.in/assets/cn_todo_manager/todoapp/ui-vendor-E5SJIlaq.js:0
[  417939ms] [ERROR] Failed to load resource: the server responded with a status of 417 (EXPECTATION FAILED) @ https://dev.pwhr.in/api/method/chatnext_work_connect.chatnext_work_connect.doctype.recognition_type.recognition_type.refresh_recognition_entries:0
[  417941ms] [ERROR] Traceback (most recent call last):
  File "apps/frappe/frappe/app.py", line 120, in application
    response = frappe.api.handle(request)
               ^^^^^^^^^^^^^^^^^^^^^^^^^^
  File "apps/frappe/frappe/api/__init__.py", line 52, in handle
    data = endpoint(**arguments)
           ^^^^^^^^^^^^^^^^^^^^^
  File "apps/frappe/frappe/api/v1.py", line 40, in handle_rpc_call
    return frappe.handler.handle()
           ^^^^^^^^^^^^^^^^^^^^^^^
  File "apps/frappe/frappe/handler.py", line 53, in handle
    data = execute_cmd(cmd)
           ^^^^^^^^^^^^^^^^
  File "apps/frappe/frappe/handler.py", line 86, in execute_cmd
    return frappe.call(method, **frappe.form_dict)
           ^^^^^^^^^^^^^^^^^^^^^^^^^^^^^^^^^^^^^^^
  File "apps/frappe/frappe/__init__.py", line 1758, in call
    return fn(*args, **newargs)
           ^^^^^^^^^^^^^^^^^^^^
  File "apps/frappe/frappe/utils/typing_validations.py", line 32, in wrapper
    return func(*args, **kwargs)
           ^^^^^^^^^^^^^^^^^^^^^
  File "apps/chatnext_work_connect/chatnext_work_connect/chatnext_work_connect/doctype/recognition_type/recognition_type.py", line 85, in refresh_recognition_entries
    doc._refresh_recognition_entries()
  File "apps/chatnext_work_connect/chatnext_work_connect/chatnext_work_connect/doctype/recognition_type/recognition_type.py", line 70, in _refresh_recognition_entries
    self.save(ignore_permissions=True)
  File "apps/frappe/frappe/model/document.py", line 378, in save
    return self._save(*args, **kwargs)
           ^^^^^^^^^^^^^^^^^^^^^^^^^^^
  File "apps/frappe/frappe/model/document.py", line 408, in _save
    self.check_if_latest()
  File "apps/frappe/frappe/model/document.py", line 867, in check_if_latest
    frappe.msgprint(
  File "apps/frappe/frappe/__init__.py", line 578, in msgprint
    _raise_exception()
  File "apps/frappe/frappe/__init__.py", line 529, in _raise_exception
    raise exc
frappe.exceptions.TimestampMismatchError: Error: Document has been modified after you have opened it (2026-03-06 13:34:59.123749, 2026-03-06 13:34:59.124146). Please refresh to get the latest document.
 @ https://dev.pwhr.in/assets/cn_todo_manager/todoapp/ui-vendor-E5SJIlaq.js:0
[  420028ms] [ERROR] Failed to load resource: the server responded with a status of 417 (EXPECTATION FAILED) @ https://dev.pwhr.in/api/method/chatnext_work_connect.chatnext_work_connect.doctype.recognition_type.recognition_type.refresh_recognition_entries:0
[  420029ms] [ERROR] Traceback (most recent call last):
  File "apps/frappe/frappe/app.py", line 120, in application
    response = frappe.api.handle(request)
               ^^^^^^^^^^^^^^^^^^^^^^^^^^
  File "apps/frappe/frappe/api/__init__.py", line 52, in handle
    data = endpoint(**arguments)
           ^^^^^^^^^^^^^^^^^^^^^
  File "apps/frappe/frappe/api/v1.py", line 40, in handle_rpc_call
    return frappe.handler.handle()
           ^^^^^^^^^^^^^^^^^^^^^^^
  File "apps/frappe/frappe/handler.py", line 53, in handle
    data = execute_cmd(cmd)
           ^^^^^^^^^^^^^^^^
  File "apps/frappe/frappe/handler.py", line 86, in execute_cmd
    return frappe.call(method, **frappe.form_dict)
           ^^^^^^^^^^^^^^^^^^^^^^^^^^^^^^^^^^^^^^^
  File "apps/frappe/frappe/__init__.py", line 1758, in call
    return fn(*args, **newargs)
           ^^^^^^^^^^^^^^^^^^^^
  File "apps/frappe/frappe/utils/typing_validations.py", line 32, in wrapper
    return func(*args, **kwargs)
           ^^^^^^^^^^^^^^^^^^^^^
  File "apps/chatnext_work_connect/chatnext_work_connect/chatnext_work_connect/doctype/recognition_type/recognition_type.py", line 85, in refresh_recognition_entries
    doc._refresh_recognition_entries()
  File "apps/chatnext_work_connect/chatnext_work_connect/chatnext_work_connect/doctype/recognition_type/recognition_type.py", line 70, in _refresh_recognition_entries
    self.save(ignore_permissions=True)
  File "apps/frappe/frappe/model/document.py", line 378, in save
    return self._save(*args, **kwargs)
           ^^^^^^^^^^^^^^^^^^^^^^^^^^^
  File "apps/frappe/frappe/model/document.py", line 408, in _save
    self.check_if_latest()
  File "apps/frappe/frappe/model/document.py", line 867, in check_if_latest
    frappe.msgprint(
  File "apps/frappe/frappe/__init__.py", line 578, in msgprint
    _raise_exception()
  File "apps/frappe/frappe/__init__.py", line 529, in _raise_exception
    raise exc
frappe.exceptions.TimestampMismatchError: Error: Document has been modified after you have opened it (2026-03-06 13:35:01.213141, 2026-03-06 13:35:01.221524). Please refresh to get the latest document.
 @ https://dev.pwhr.in/assets/cn_todo_manager/todoapp/ui-vendor-E5SJIlaq.js:0
